20;01 14;UPPLANDS VÄSBY;EDS FÖRSAMLING;32.635;31.75;19.42;12.08;0.25;0.885
20;01 14;UPPLANDS VÄSBY;FRESTA FÖRSAMLING;32.545;31.75;19.42;12.08;0.25;0.795
20;01 14;UPPLANDS VÄSBY;HAMMARBY FÖRSAMLING;32.585;31.75;19.42;12.08;0.25;0.835
20;01 15;VALLENTUNA;VALLENTUNA FÖRSAMLING;32.165;31.33;19.00;12.08;0.25;0.835
20;01 15;VALLENTUNA;ÖSSEBY FÖRSAMLING;32.47;31.33;19.00;12.08;0.25;1.14
20;01 17;ÖSTERÅKER;LJUSTERÖ-KULLA FÖRSAMLING;30.165;29.43;17.10;12.08;0.25;0.735
20;01 17;ÖSTERÅKER;ÖSTERÅKER-ÖSTRA RYDS FÖRSAMLING;30.165;29.43;17.10;12.08;0.25;0.735
20;01 20;VÄRMDÖ;DJURÖ, MÖJA OCH NÄMDÖ FÖRSAMLING;32.675;31.51;19.18;12.08;0.25;1.165
20;01 20;VÄRMDÖ;GUSTAVSBERG-INGARÖ FÖRSAMLING;32.375;31.51;19.18;12.08;0.25;0.865
20;01 20;VÄRMDÖ;VÄRMDÖ FÖRSAMLING;32.375;31.51;19.18;12.08;0.25;0.865
20;01 23;JÄRFÄLLA;JÄRFÄLLA FÖRSAMLING;32.165;31.48;19.15;12.08;0.25;0.685
20;01 25;EKERÖ;ADELSÖ-MUNSÖ FÖRSAMLING;32.515;31.58;19.25;12.08;0.25;0.935
20;01 25;EKERÖ;EKERÖ FÖRSAMLING;32.515;31.58;19.25;12.08;0.25;0.935
20;01 25;EKERÖ;FÄRINGSÖ FÖRSAMLING;32.565;31.58;19.25;12.08;0.25;0.985
20;01 25;EKERÖ;LOVÖ FÖRSAMLING;32.515;31.58;19.25;12.08;0.25;0.935
20;01 26;HUDDINGE;FLEMINGSBERGS FÖRSAMLING;32.915;32.20;19.87;12.08;0.25;0.715
20;01 26;HUDDINGE;HUDDINGE FÖRSAMLING;32.915;32.20;19.87;12.08;0.25;0.715
20;01 26;HUDDINGE;S:T MIKAELS FÖRSAMLING;32.915;32.20;19.87;12.08;0.25;0.715
20;01 26;HUDDINGE;TRÅNGSUND-SKOGÅS FÖRSAMLING;32.915;32.20;19.87;12.08;0.25;0.715
20;01 27;BOTKYRKA;BOTKYRKA FÖRSAMLING;33.415;32.48;20.15;12.08;0.25;0.935
20;01 27;BOTKYRKA;GRÖDINGE FÖRSAMLING;33.49;32.48;20.15;12.08;0.25;1.01
20;01 28;SALEM;SALEMS FÖRSAMLING;32.839;32.00;19.67;12.08;0.25;0.839
20;01 36;HANINGE;DALARÖ-ORNÖ-UTÖ FÖRSAMLING;32.855;32.01;19.68;12.08;0.25;0.845
20;01 36;HANINGE;VÄSTERHANINGE-MUSKÖ FÖRSAMLING;32.855;32.01;19.68;12.08;0.25;0.845
20;01 36;HANINGE;ÖSTERHANINGE FÖRSAMLING;32.855;32.01;19.68;12.08;0.25;0.845
20;01 38;TYRESÖ;TYRESÖ FÖRSAMLING;33.095;32.28;19.95;12.08;0.25;0.815
20;01 39;UPPLANDS-BRO;BRO FÖRSAMLING;32.87;31.93;19.60;12.08;0.25;0.94
20;01 39;UPPLANDS-BRO;KUNGSÄNGEN-VÄSTRA RYDS FÖRSAMLING;32.81;31.93;19.60;12.08;0.25;0.88
20;01 40;NYKVARN;TURINGE-TAXINGE FÖRSAMLING;33.37;32.30;19.97;12.08;0.25;1.07
20;01 60;TÄBY;TÄBY FÖRSAMLING;30.655;29.88;17.55;12.08;0.25;0.775
20;01 62;DANDERYD;DANDERYDS FÖRSAMLING;32.005;31.28;18.95;12.08;0.25;0.725
20;01 63;SOLLENTUNA;SOLLENTUNA FÖRSAMLING;31.245;30.45;18.12;12.08;0.25;0.795
20;01 80;STOCKHOLM;ADOLF FREDRIKS FÖRSAMLING;30.99;29.88; 17.74;12.08;0.06;1.105
20;01 80;STOCKHOLM;BROMMA FÖRSAMLING;30.54;29.88; 17.74;12.08;0.06;0.655
20;01 80;STOCKHOLM;BRÄNNKYRKA FÖRSAMLING;30.64;29.88; 17.74;12.08;0.06;0.755
20;01 80;STOCKHOLM;ENGELBREKTS FÖRSAMLING;30.67;29.88; 17.74;12.08;0.06;0.785
20;01 80;STOCKHOLM;ENSKEDE-ÅRSTA FÖRSAMLING;30.68;29.88; 17.74;12.08;0.06;0.795
20;01 80;STOCKHOLM;FARSTA FÖRSAMLING;30.75;29.88; 17.74;12.08;0.06;0.865
20;01 80;STOCKHOLM;FINSKA FÖRSAMLINGEN;30.82;29.88; 17.74;12.08;0.06;0.935
20;01 80;STOCKHOLM;GUSTAV VASA FÖRSAMLING;30.86;29.88; 17.74;12.08;0.06;0.975
20;01 80;STOCKHOLM;HEDVIG ELEONORA FÖRSAMLING;30.62;29.88; 17.74;12.08;0.06;0.735
20;01 80;STOCKHOLM;HOVFÖRSAMLINGEN;30.685;29.88; 17.74;12.08;0.06;0.80
20;01 80;STOCKHOLM;HÄGERSTENS FÖRSAMLING;30.645;29.88; 17.74;12.08;0.06;0.76
20;01 80;STOCKHOLM;HÄSSELBY FÖRSAMLING;30.63;29.88; 17.74;12.08;0.06;0.745
20;01 80;STOCKHOLM;HÖGALIDS FÖRSAMLING;30.75;29.88; 17.74;12.08;0.06;0.865
20;01 80;STOCKHOLM;KATARINA FÖRSAMLING;30.705;29.88; 17.74;12.08;0.06;0.82
20;01 80;STOCKHOLM;MARIA MAGDALENA FÖRSAMLING;30.75;29.88; 17.74;12.08;0.06;0.865
20;01 80;STOCKHOLM;OSCARS FÖRSAMLING;30.60;29.88; 17.74;12.08;0.06;0.715
20;01 80;STOCKHOLM;SKARPNÄCKS FÖRSAMLING;30.765;29.88; 17.74;12.08;0.06;0.88
20;01 80;STOCKHOLM;SKÄRHOLMENS FÖRSAMLING;30.78;29.88; 17.74;12.08;0.06;0.895
20;01 80;STOCKHOLM;SOFIA FÖRSAMLING;30.71;29.88; 17.74;12.08;0.06;0.825
20;01 80;STOCKHOLM;SPÅNGA-KISTA FÖRSAMLING;30.66;29.88; 17.74;12.08;0.06;0.775
20;01 80;STOCKHOLM;S:T JOHANNES FÖRSAMLING;30.82;29.88; 17.74;12.08;0.06;0.935
20;01 80;STOCKHOLM;S:T MATTEUS FÖRSAMLING;30.55;29.88; 17.74;12.08;0.06;0.665
20;01 80;STOCKHOLM;STOCKHOLMS DOMKYRKOFÖRSAMLING;30.91;29.88; 17.74;12.08;0.06;1.025
20;01 80;STOCKHOLM;TYSKA S:TA GERTRUDS FÖRSAMLING;30.66;29.88; 17.74;12.08;0.06;0.775
20;01 80;STOCKHOLM;VANTÖRS FÖRSAMLING;30.63;29.88; 17.74;12.08;0.06;0.745
20;01 80;STOCKHOLM;VÄLLINGBY FÖRSAMLING;30.68;29.88; 17.74;12.08;0.06;0.795
20;01 80;STOCKHOLM;VÄSTERLEDS FÖRSAMLING;30.59;29.88; 17.74;12.08;0.06;0.705
20;01 80;STOCKHOLM;VÄSTERMALMS FÖRSAMLING;30.58;29.88; 17.74;12.08;0.06;0.695
20;01 81;SÖDERTÄLJE;ENHÖRNA FÖRSAMLING;33.37;32.48;20.15;12.08;0.25;0.89
20;01 81;SÖDERTÄLJE;HÖLÖ-MÖRKÖ FÖRSAMLING;33.59;32.48;20.15;12.08;0.25;1.11
20;01 81;SÖDERTÄLJE;SÖDERTÄLJE FÖRSAMLING;33.37;32.48;20.15;12.08;0.25;0.89
20;01 81;SÖDERTÄLJE;VÅRDINGE FÖRSAMLING;33.55;32.48;20.15;12.08;0.25;1.07
20;01 81;SÖDERTÄLJE;YTTERJÄRNA FÖRSAMLING;33.55;32.48;20.15;12.08;0.25;1.07
20;01 81;SÖDERTÄLJE;ÖSTERTÄLJE FÖRSAMLING;33.37;32.48;20.15;12.08;0.25;0.89
20;01 81;SÖDERTÄLJE;ÖVERJÄRNA FÖRSAMLING;33.55;32.48;20.15;12.08;0.25;1.07
20;01 82;NACKA;BOO FÖRSAMLING;31.545;30.76;18.43;12.08;0.25;0.785
20;01 82;NACKA;NACKA FÖRSAMLING;31.555;30.76;18.43;12.08;0.25;0.795
20;01 82;NACKA;SALTSJÖBADENS FÖRSAMLING;31.635;30.76;18.43;12.08;0.25;0.875
20;01 83;SUNDBYBERG;SUNDBYBERGS FÖRSAMLING;31.95;31.23;18.90;12.08;0.25;0.72
20;01 84;SOLNA;SOLNA FÖRSAMLING;30.135;29.45;17.12;12.08;0.25;0.685
20;01 86;LIDINGÖ;LIDINGÖ FÖRSAMLING;30.985;30.32;17.99;12.08;0.25;0.665
20;01 87;VAXHOLM;VAXHOLMS FÖRSAMLING;32.955;32.11;19.78;12.08;0.25;0.845
20;01 88;NORRTÄLJE;BLIDÖ FÖRSAMLING;33.11;32.05;19.72;12.08;0.25;1.06
20;01 88;NORRTÄLJE;EDSBRO-UNUNGE FÖRSAMLING;33.24;32.05;19.72;12.08;0.25;1.19
20;01 88;NORRTÄLJE;ESTUNA OCH SÖDERBY-KARLS FÖRSAMLING;33.11;32.05;19.72;12.08;0.25;1.06
20;01 88;NORRTÄLJE;FASTERNA FÖRSAMLING;33.24;32.05;19.72;12.08;0.25;1.19
20;01 88;NORRTÄLJE;FRÖTUNA FÖRSAMLING;33.11;32.05;19.72;12.08;0.25;1.06
20;01 88;NORRTÄLJE;GOTTRÖRA FÖRSAMLING;33.24;32.05;19.72;12.08;0.25;1.19
20;01 88;NORRTÄLJE;HUSBY, SKEDERIDS OCH RÖ FÖRSAMLING;33.24;32.05;19.72;12.08;0.25;1.19
20;01 88;NORRTÄLJE;HÄVERÖ-EDEBO FÖRSAMLING;33.24;32.05;19.72;12.08;0.25;1.19
20;01 88;NORRTÄLJE;LOHÄRADS FÖRSAMLING;33.11;32.05;19.72;12.08;0.25;1.06
20;01 88;NORRTÄLJE;LÄNNA FÖRSAMLING;33.11;32.05;19.72;12.08;0.25;1.06
20;01 88;NORRTÄLJE;NORRTÄLJE-MALSTA FÖRSAMLING;33.11;32.05;19.72;12.08;0.25;1.06
20;01 88;NORRTÄLJE;NÄRTUNA FÖRSAMLING;33.24;32.05;19.72;12.08;0.25;1.19
20;01 88;NORRTÄLJE;RIALA FÖRSAMLING;33.11;32.05;19.72;12.08;0.25;1.06
20;01 88;NORRTÄLJE;RIMBO FÖRSAMLING;33.24;32.05;19.72;12.08;0.25;1.19
20;01 88;NORRTÄLJE;ROSLAGSBRO-VÄTÖ FÖRSAMLING;33.11;32.05;19.72;12.08;0.25;1.06
20;01 88;NORRTÄLJE;RÅDMANSÖ FÖRSAMLING;33.11;32.05;19.72;12.08;0.25;1.06
20;01 88;NORRTÄLJE;VÄDDÖ FÖRSAMLING;33.11;32.05;19.72;12.08;0.25;1.06
20;01 91;SIGTUNA;HUSBY-ÄRLINGHUNDRA FÖRSAMLING;33.26;32.33;20.00;12.08;0.25;0.93
20;01 91;SIGTUNA;NORRSUNDA FÖRSAMLING;33.26;32.33;20.00;12.08;0.25;0.93
20;01 91;SIGTUNA;SIGTUNA FÖRSAMLING;33.45;32.33;20.00;12.08;0.25;1.12
20;01 91;SIGTUNA;SKEPPTUNA FÖRSAMLING;33.26;32.33;20.00;12.08;0.25;0.93
20;01 91;SIGTUNA;VALSTA FÖRSAMLING;33.26;32.33;20.00;12.08;0.25;0.93
20;01 92;NYNÄSHAMN;NYNÄSHAMNS FÖRSAMLING;33.07;32.18;19.85;12.08;0.25;0.89
20;01 92;NYNÄSHAMN;SORUNDA FÖRSAMLING;32.97;32.18;19.85;12.08;0.25;0.79
20;01 92;NYNÄSHAMN;ÖSMO-TORÖ FÖRSAMLING;33.25;32.18;19.85;12.08;0.25;1.07
20;03 05;HÅBO;HÄGGEBY FÖRSAMLING;34.17;33.05;21.09;11.71;0.25;1.12
20;03 05;HÅBO;KALMAR-YTTERGRANS FÖRSAMLING;34.17;33.05;21.09;11.71;0.25;1.12
20;03 05;HÅBO;SKOKLOSTERS FÖRSAMLING;34.17;33.05;21.09;11.71;0.25;1.12
20;03 05;HÅBO;ÖVERGRANS FÖRSAMLING;34.17;33.05;21.09;11.71;0.25;1.12
20;03 19;ÄLVKARLEBY;ÄLVKARLEBY-SKUTSKÄRS FÖRSAMLING;35.78;34.65;22.69;11.71;0.25;1.13
20;03 30;KNIVSTA;ALSIKE FÖRSAMLING;34.60;33.57;21.61;11.71;0.25;1.03
20;03 30;KNIVSTA;HUSBY-LÅNGHUNDRA FÖRSAMLING;34.60;33.57;21.61;11.71;0.25;1.03
20;03 30;KNIVSTA;KNIVSTA FÖRSAMLING;34.60;33.57;21.61;11.71;0.25;1.03
20;03 30;KNIVSTA;LAGGA FÖRSAMLING;34.60;33.57;21.61;11.71;0.25;1.03
20;03 30;KNIVSTA;VASSUNDA FÖRSAMLING;34.60;33.57;21.61;11.71;0.25;1.03
20;03 30;KNIVSTA;ÖSTUNA FÖRSAMLING;34.60;33.57;21.61;11.71;0.25;1.03
20;03 31;HEBY;ENÅKERS FÖRSAMLING;35.70;34.46;22.50;11.71;0.25;1.24
20;03 31;HEBY;HARBO FÖRSAMLING;35.78;34.46;22.50;11.71;0.25;1.32
20;03 31;HEBY;HUDDUNGE FÖRSAMLING;35.70;34.46;22.50;11.71;0.25;1.24
20;03 31;HEBY;NORA FÖRSAMLING;35.70;34.46;22.50;11.71;0.25;1.24
20;03 31;HEBY;VITTINGE FÖRSAMLING;35.73;34.46;22.50;11.71;0.25;1.27
20;03 31;HEBY;VÄSTERLÖVSTA FÖRSAMLING;35.70;34.46;22.50;11.71;0.25;1.24
20;03 31;HEBY;ÖSTERVÅLA FÖRSAMLING;35.78;34.46;22.50;11.71;0.25;1.32
20;03 60;TIERP;HÅLLNÄS-ÖSTERLÖVSTA FÖRSAMLING;34.67;33.25;21.29;11.71;0.25;1.42
20;03 60;TIERP;TIERP-SÖDERFORS FÖRSAMLING;34.73;33.25;21.29;11.71;0.25;1.48
20;03 60;TIERP;TOLFTA FÖRSAMLING;34.67;33.25;21.29;11.71;0.25;1.42
20;03 60;TIERP;VENDEL-TEGELSMORA FÖRSAMLING;34.80;33.25;21.29;11.71;0.25;1.55
20;03 60;TIERP;VÄSTLANDS FÖRSAMLING;34.67;33.25;21.29;11.71;0.25;1.42
20;03 80;UPPSALA;ALMUNGE FÖRSAMLING;34.26;33.10;21.14;11.71;0.25;1.16
20;03 80;UPPSALA;BALINGSTA FÖRSAMLING;34.30;33.10;21.14;11.71;0.25;1.20
20;03 80;UPPSALA;BJÖRKLINGE FÖRSAMLING;34.32;33.10;21.14;11.71;0.25;1.22
20;03 80;UPPSALA;BÄLINGEBYGDENS FÖRSAMLING;34.25;33.10;21.14;11.71;0.25;1.15
20;03 80;UPPSALA;DALBY FÖRSAMLING;34.30;33.10;21.14;11.71;0.25;1.20
20;03 80;UPPSALA;DANMARK-FUNBO FÖRSAMLING;34.15;33.10;21.14;11.71;0.25;1.05
20;03 80;UPPSALA;FARINGE FÖRSAMLING;34.26;33.10;21.14;11.71;0.25;1.16
20;03 80;UPPSALA;GAMLA UPPSALA FÖRSAMLING;34.05;33.10;21.14;11.71;0.25;0.95
20;03 80;UPPSALA;GOTTSUNDA FÖRSAMLING;34.05;33.10;21.14;11.71;0.25;0.95
20;03 80;UPPSALA;HAGBY FÖRSAMLING;34.30;33.10;21.14;11.71;0.25;1.20
20;03 80;UPPSALA;HELGA TREFALDIGHETS FÖRSAMLING;34.05;33.10;21.14;11.71;0.25;0.95
20;03 80;UPPSALA;KNUTBY-BLADÅKERS FÖRSAMLING;34.26;33.10;21.14;11.71;0.25;1.16
20;03 80;UPPSALA;LENA FÖRSAMLING;34.20;33.10;21.14;11.71;0.25;1.10
20;03 80;UPPSALA;NORRA HAGUNDA FÖRSAMLING;34.37;33.10;21.14;11.71;0.25;1.27
20;03 80;UPPSALA;RAMSTA FÖRSAMLING;34.30;33.10;21.14;11.71;0.25;1.20
20;03 80;UPPSALA;RASBO-RASBOKILS FÖRSAMLING;34.42;33.10;21.14;11.71;0.25;1.32
20;03 80;UPPSALA;SKUTTUNGE FÖRSAMLING;34.32;33.10;21.14;11.71;0.25;1.22
20;03 80;UPPSALA;STAVBY FÖRSAMLING;34.42;33.10;21.14;11.71;0.25;1.32
20;03 80;UPPSALA;TENSTA FÖRSAMLING;34.20;33.10;21.14;11.71;0.25;1.10
20;03 80;UPPSALA;TUNA FÖRSAMLING;34.42;33.10;21.14;11.71;0.25;1.32
20;03 80;UPPSALA;UPPSALA DOMKYRKOFÖRSAMLING;34.05;33.10;21.14;11.71;0.25;0.95
20;03 80;UPPSALA;UPPSALA-NÄS FÖRSAMLING;34.30;33.10;21.14;11.71;0.25;1.20
20;03 80;UPPSALA;VAKSALA FÖRSAMLING;34.05;33.10;21.14;11.71;0.25;0.95
20;03 80;UPPSALA;VIKSTA FÖRSAMLING;34.32;33.10;21.14;11.71;0.25;1.22
20;03 80;UPPSALA;VÄSTERÅKERS FÖRSAMLING;34.30;33.10;21.14;11.71;0.25;1.20
20;03 80;UPPSALA;ÄRENTUNA FÖRSAMLING;34.20;33.10;21.14;11.71;0.25;1.10
20;03 81;ENKÖPING;BOGLÖSA FÖRSAMLING;34.42;33.30;21.34;11.71;0.25;1.12
20;03 81;ENKÖPING;ENKÖPINGS FÖRSAMLING;34.42;33.30;21.34;11.71;0.25;1.12
20;03 81;ENKÖPING;FJÄRDHUNDRA FÖRSAMLING;34.71;33.30;21.34;11.71;0.25;1.41
20;03 81;ENKÖPING;LAGUNDA FÖRSAMLING;34.78;33.30;21.34;11.71;0.25;1.48
20;03 81;ENKÖPING;SPARRSÄTRA-BREDS FÖRSAMLING;34.42;33.30;21.34;11.71;0.25;1.12
20;03 81;ENKÖPING;TILLINGE OCH SÖDRA ÅSUNDA FÖRSAMLING;34.42;33.30;21.34;11.71;0.25;1.12
20;03 81;ENKÖPING;VECKHOLMS FÖRSAMLING;34.42;33.30;21.34;11.71;0.25;1.12
20;03 81;ENKÖPING;VILLBERGA FÖRSAMLING;34.42;33.30;21.34;11.71;0.25;1.12
20;03 82;ÖSTHAMMAR;ALUNDA FÖRSAMLING;35.14;33.65;21.69;11.71;0.25;1.49
20;03 82;ÖSTHAMMAR;DANNEMORABYGDENS FÖRSAMLING;35.01;33.65;21.69;11.71;0.25;1.36
20;03 82;ÖSTHAMMAR;EKEBY FÖRSAMLING;35.07;33.65;21.69;11.71;0.25;1.42
20;03 82;ÖSTHAMMAR;FRÖSÅKERS FÖRSAMLING;34.92;33.65;21.69;11.71;0.25;1.27
20;03 82;ÖSTHAMMAR;SKÄFTHAMMAR-HÖKHUVUDS FÖRSAMLING;35.07;33.65;21.69;11.71;0.25;1.42
20;03 82;ÖSTHAMMAR;ÖREGRUND-GRÄSÖ FÖRSAMLING;34.92;33.65;21.69;11.71;0.25;1.27
20;04 28;VINGÅKER;VÄSTRA VINGÅKERS FÖRSAMLING;34.79;33.75;22.67;10.83;0.25;1.04
20;04 28;VINGÅKER;ÖSTERÅKERS FÖRSAMLING;34.79;33.75;22.67;10.83;0.25;1.04
20;04 61;GNESTA;DAGA FÖRSAMLING;34.52;33.20;22.12;10.83;0.25;1.32
20;04 61;GNESTA;FRUSTUNA FÖRSAMLING;34.49;33.20;22.12;10.83;0.25;1.29
20;04 80;NYKÖPING;KILADALENS FÖRSAMLING;33.76;32.50;21.42;10.83;0.25;1.26
20;04 80;NYKÖPING;NYKÖPINGS FÖRSAMLING;33.67;32.50;21.42;10.83;0.25;1.17
20;04 80;NYKÖPING;RÖNÖ FÖRSAMLING;33.85;32.50;21.42;10.83;0.25;1.35
20;04 80;NYKÖPING;STIGTOMTA-VRENA FÖRSAMLING;33.82;32.50;21.42;10.83;0.25;1.32
20;04 80;NYKÖPING;TUNABERGS FÖRSAMLING;33.88;32.50;21.42;10.83;0.25;1.38
20;04 80;NYKÖPING;TYSTBERGABYGDENS FÖRSAMLING;34.09;32.50;21.42;10.83;0.25;1.59
20;04 81;OXELÖSUND;OXELÖSUNDS FÖRSAMLING;34.34;33.30;22.22;10.83;0.25;1.04
20;04 82;FLEN;BETTNA FÖRSAMLING;34.71;33.35;22.27;10.83;0.25;1.36
20;04 82;FLEN;DUNKER-LILLA MALMA FÖRSAMLING;34.61;33.35;22.27;10.83;0.25;1.26
20;04 82;FLEN;FLEN, HELGESTA-HYLTINGE FÖRSAMLING;34.35;33.35;22.27;10.83;0.25;1.00
20;04 82;FLEN;MELLÖSA FÖRSAMLING;34.82;33.35;22.27;10.83;0.25;1.47
20;04 83;KATRINEHOLM;BJÖRKVIKS FÖRSAMLING;34.64;33.20;22.12;10.83;0.25;1.44
20;04 83;KATRINEHOLM;KATRINEHOLMSBYGDENS FÖRSAMLING;34.25;33.20;22.12;10.83;0.25;1.05
20;04 84;ESKILSTUNA;HUSBY-REKARNE FÖRSAMLING;34.12;33.10;22.02;10.83;0.25;1.02
20;04 84;ESKILSTUNA;HÄLLBY FÖRSAMLING MED TUMBO OCH RÅBY;34.24;33.10;22.02;10.83;0.25;1.14
20;04 84;ESKILSTUNA;KAFJÄRDENS FÖRSAMLING;34.04;33.10;22.02;10.83;0.25;0.94
20;04 84;ESKILSTUNA;NÄSHULTA FÖRSAMLING;34.12;33.10;22.02;10.83;0.25;1.02
20;04 84;ESKILSTUNA;S:T ANSGARS FÖRSAMLING;34.00;33.10;22.02;10.83;0.25;0.90
20;04 84;ESKILSTUNA;S:T JOHANNES FÖRSAMLING;34.00;33.10;22.02;10.83;0.25;0.90
20;04 84;ESKILSTUNA;STENKVISTA-ÄRLA FÖRSAMLING;34.33;33.10;22.02;10.83;0.25;1.23
20;04 84;ESKILSTUNA;TORSHÄLLA FÖRSAMLING;34.04;33.10;22.02;10.83;0.25;0.94
20;04 84;ESKILSTUNA;TUNAFORS FÖRSAMLING;34.00;33.10;22.02;10.83;0.25;0.90
20;04 84;ESKILSTUNA;VÄSTRA REKARNE FÖRSAMLING;34.00;33.10;22.02;10.83;0.25;0.90
20;04 86;STRÄNGNÄS;MARIEFREDS FÖRSAMLING;33.86;32.75;21.67;10.83;0.25;1.11
20;04 86;STRÄNGNÄS;STALLARHOLMENS FÖRSAMLING;34.15;32.75;21.67;10.83;0.25;1.40
20;04 86;STRÄNGNÄS;STRÄNGNÄS DOMKYRKOFÖRSAMLING MED ASP;33.77;32.75;21.67;10.83;0.25;1.02
20;04 86;STRÄNGNÄS;VÅRFRUBERGA-HÄRADS FÖRSAMLING;34.17;32.75;21.67;10.83;0.25;1.42
20;04 86;STRÄNGNÄS;ÅKER-LÄNNA FÖRSAMLING;34.04;32.75;21.67;10.83;0.25;1.29
20;04 88;TROSA;TROSA FÖRSAMLING;33.65;32.68;21.60;10.83;0.25;0.97
20;05 09;ÖDESHÖG;ÖDESHÖGS FÖRSAMLING;35.55;34.40;22.60;11.55;0.25;1.15
20;05 12;YDRE;NORRA YDRE FÖRSAMLING;35.88;34.35;22.55;11.55;0.25;1.53
20;05 12;YDRE;SUND-SVINHULTS FÖRSAMLING;35.88;34.35;22.55;11.55;0.25;1.53
20;05 12;YDRE;VÄSTRA RYDS FÖRSAMLING;35.88;34.35;22.55;11.55;0.25;1.53
20;05 13;KINDA;HORNS FÖRSAMLING;34.04;32.75;20.95;11.55;0.25;1.29
20;05 13;KINDA;HYCKLINGE FÖRSAMLING;34.04;32.75;20.95;11.55;0.25;1.29
20;05 13;KINDA;KISA FÖRSAMLING;34.04;32.75;20.95;11.55;0.25;1.29
20;05 13;KINDA;RIMFORSA FÖRSAMLING;34.20;32.75;20.95;11.55;0.25;1.45
20;05 13;KINDA;TIDERSRUMS FÖRSAMLING;34.04;32.75;20.95;11.55;0.25;1.29
20;05 13;KINDA;VÄSTRA ENEBY FÖRSAMLING;34.04;32.75;20.95;11.55;0.25;1.29
20;05 60;BOXHOLM;BOXHOLMS FÖRSAMLING;34.77;33.62;21.82;11.55;0.25;1.15
20;05 61;ÅTVIDABERG;ÅTVIDS FÖRSAMLING;35.47;34.19;22.39;11.55;0.25;1.28
20;05 62;FINSPÅNG;FINSPÅNGS FÖRSAMLING;35.00;33.95;22.15;11.55;0.25;1.05
20;05 63;VALDEMARSVIK;RINGARUMS FÖRSAMLING;35.63;34.28;22.48;11.55;0.25;1.35
20;05 63;VALDEMARSVIK;VALDEMARSVIKS FÖRSAMLING;35.63;34.28;22.48;11.55;0.25;1.35
20;05 80;LINKÖPING;GOTTFRIDSBERGS FÖRSAMLING;33.14;32.00;20.20;11.55;0.25;1.14
20;05 80;LINKÖPING;KÄRNA FÖRSAMLING;33.20;32.00;20.20;11.55;0.25;1.20
20;05 80;LINKÖPING;LAMBOHOVS FÖRSAMLING;33.261;32.00;20.20;11.55;0.25;1.261
20;05 80;LINKÖPING;LANDERYDS FÖRSAMLING;33.14;32.00;20.20;11.55;0.25;1.14
20;05 80;LINKÖPING;LINKÖPINGS BERGA FÖRSAMLING;33.14;32.00;20.20;11.55;0.25;1.14
20;05 80;LINKÖPING;LINKÖPINGS DOMKYRKOFÖRSAMLING;33.14;32.00;20.20;11.55;0.25;1.14
20;05 80;LINKÖPING;LINKÖPINGS JOHANNELUNDS FÖRSAMLING;33.14;32.00;20.20;11.55;0.25;1.14
20;05 80;LINKÖPING;LINKÖPINGS RYDS FÖRSAMLING;33.14;32.00;20.20;11.55;0.25;1.14
20;05 80;LINKÖPING;LINKÖPINGS SKÄGGETORPS FÖRSAMLING;33.14;32.00;20.20;11.55;0.25;1.14
20;05 80;LINKÖPING;LINKÖPINGS S:T LARS FÖRSAMLING;33.14;32.00;20.20;11.55;0.25;1.14
20;05 80;LINKÖPING;NYKIL-GAMMALKILS FÖRSAMLING;33.261;32.00;20.20;11.55;0.25;1.261
20;05 80;LINKÖPING;SKEDA FÖRSAMLING;33.261;32.00;20.20;11.55;0.25;1.261
20;05 80;LINKÖPING;SLAKA FÖRSAMLING;33.261;32.00;20.20;11.55;0.25;1.261
20;05 80;LINKÖPING;ULRIKA FÖRSAMLING;33.261;32.00;20.20;11.55;0.25;1.261
20;05 80;LINKÖPING;VIKINGSTADS FÖRSAMLING;33.10;32.00;20.20;11.55;0.25;1.10
20;05 80;LINKÖPING;VISTS FÖRSAMLING;33.42;32.00;20.20;11.55;0.25;1.42
20;05 80;LINKÖPING;VRETA KLOSTERS FÖRSAMLING;33.21;32.00;20.20;11.55;0.25;1.21
20;05 80;LINKÖPING;VÅRDNÄS FÖRSAMLING;33.42;32.00;20.20;11.55;0.25;1.42
20;05 80;LINKÖPING;ÅKERBO FÖRSAMLING;33.28;32.00;20.20;11.55;0.25;1.28
20;05 81;NORRKÖPING;JONSBERGS FÖRSAMLING;35.05;33.55;21.75;11.55;0.25;1.50
20;05 81;NORRKÖPING;KOLMÅRDENS FÖRSAMLING;34.52;33.55;21.75;11.55;0.25;0.97
20;05 81;NORRKÖPING;NORRKÖPINGS BORGS FÖRSAMLING;34.52;33.55;21.75;11.55;0.25;0.97
20;05 81;NORRKÖPING;NORRKÖPINGS S:T JOHANNES FÖRSAMLING;34.52;33.55;21.75;11.55;0.25;0.97
20;05 81;NORRKÖPING;NORRKÖPINGS S:T OLOFS FÖRSAMLING;34.52;33.55;21.75;11.55;0.25;0.97
20;05 81;NORRKÖPING;VÄSTRA VIKBOLANDETS FÖRSAMLING;35.00;33.55;21.75;11.55;0.25;1.45
20;05 81;NORRKÖPING;ÖSTRA HUSBY FÖRSAMLING;35.05;33.55;21.75;11.55;0.25;1.50
20;05 82;SÖDERKÖPING;SÖDERKÖPING S:T ANNA FÖRSAMLING;34.395;32.98;21.18;11.55;0.25;1.415
20;05 82;SÖDERKÖPING;ÖSTRA RYDS FÖRSAMLING;34.53;32.98;21.18;11.55;0.25;1.55
20;05 83;MOTALA;ASKA FÖRSAMLING;34.70;33.50;21.70;11.55;0.25;1.20
20;05 83;MOTALA;BORENSBERGS FÖRSAMLING;34.70;33.50;21.70;11.55;0.25;1.20
20;05 83;MOTALA;FORNÅSA FÖRSAMLING;34.70;33.50;21.70;11.55;0.25;1.20
20;05 83;MOTALA;GODEGÅRDS FÖRSAMLING;34.70;33.50;21.70;11.55;0.25;1.20
20;05 83;MOTALA;KLOCKRIKE FÖRSAMLING;34.70;33.50;21.70;11.55;0.25;1.20
20;05 83;MOTALA;MOTALA FÖRSAMLING;34.37;33.50;21.70;11.55;0.25;0.87
20;05 83;MOTALA;TJÄLLMO FÖRSAMLING;34.70;33.50;21.70;11.55;0.25;1.20
20;05 83;MOTALA;VÄSTRA NY FÖRSAMLING;34.70;33.50;21.70;11.55;0.25;1.20
20;05 84;VADSTENA;DALS FÖRSAMLING;35.88;34.60;22.80;11.55;0.25;1.28
20;05 84;VADSTENA;VADSTENA FÖRSAMLING;35.88;34.60;22.80;11.55;0.25;1.28
20;05 86;MJÖLBY;MJÖLBY FÖRSAMLING;34.85;33.70;21.90;11.55;0.25;1.15
20;05 86;MJÖLBY;SKÄNNINGE FÖRSAMLING;34.85;33.70;21.90;11.55;0.25;1.15
20;05 86;MJÖLBY;VIFOLKA FÖRSAMLING;34.85;33.70;21.90;11.55;0.25;1.15
20;05 86;MJÖLBY;VÄDERSTADS FÖRSAMLING;34.85;33.70;21.90;11.55;0.25;1.15
20;05 86;MJÖLBY;ÖSTRA TOLLSTADS FÖRSAMLING;34.85;33.70;21.90;11.55;0.25;1.15
20;06 04;ANEBY;ANEBY FÖRSAMLING;35.52;34.10;22.09;11.76;0.25;1.42
20;06 04;ANEBY;ASKERYDS FÖRSAMLING;35.52;34.10;22.09;11.76;0.25;1.42
20;06 04;ANEBY;FRINNARYDS FÖRSAMLING;35.52;34.10;22.09;11.76;0.25;1.42
20;06 04;ANEBY;HAURIDA-VIREDA FÖRSAMLING;35.52;34.10;22.09;11.76;0.25;1.42
20;06 04;ANEBY;LOMMARYDS FÖRSAMLING;35.52;34.10;22.09;11.76;0.25;1.42
20;06 17;GNOSJÖ;GNOSJÖ FÖRSAMLING;35.45;34.25;22.24;11.76;0.25;1.20
20;06 17;GNOSJÖ;KULLTORPS FÖRSAMLING;35.75;34.25;22.24;11.76;0.25;1.50
20;06 17;GNOSJÖ;KÄLLERYDS FÖRSAMLING;35.45;34.25;22.24;11.76;0.25;1.20
20;06 17;GNOSJÖ;KÄVSJÖ FÖRSAMLING;35.45;34.25;22.24;11.76;0.25;1.20
20;06 17;GNOSJÖ;ÅSENHÖGA FÖRSAMLING;35.45;34.25;22.24;11.76;0.25;1.20
20;06 42;MULLSJÖ;MULLSJÖ-SANDHEMS FÖRSAMLING;35.485;34.35;22.34;11.76;0.25;1.135
20;06 43;HABO;BRANDSTORPS FÖRSAMLING;35.365;34.18;22.17;11.76;0.25;1.185
20;06 43;HABO;GUSTAV ADOLFS FÖRSAMLING;35.365;34.18;22.17;11.76;0.25;1.185
20;06 43;HABO;HABO FÖRSAMLING;35.365;34.18;22.17;11.76;0.25;1.185
20;06 62;GISLAVED;ANDERSTORPS FÖRSAMLING;35.18;34.00;21.99;11.76;0.25;1.18
20;06 62;GISLAVED;BOSEBO FÖRSAMLING;35.18;34.00;21.99;11.76;0.25;1.18
20;06 62;GISLAVED;BURSERYDS FÖRSAMLING;35.18;34.00;21.99;11.76;0.25;1.18
20;06 62;GISLAVED;GISLAVEDS FÖRSAMLING;35.18;34.00;21.99;11.76;0.25;1.18
20;06 62;GISLAVED;NORRA HESTRA FÖRSAMLING;35.18;34.00;21.99;11.76;0.25;1.18
20;06 62;GISLAVED;VILLSTADS FÖRSAMLING;35.18;34.00;21.99;11.76;0.25;1.18
20;06 62;GISLAVED;VÅTHULTS FÖRSAMLING;35.18;34.00;21.99;11.76;0.25;1.18
20;06 62;GISLAVED;VÄSTBO SANKT SIGFRIDS FÖRSAMLING;35.18;34.00;21.99;11.76;0.25;1.18
20;06 65;VAGGERYD;BYARUM-BONDSTORPS FÖRSAMLING;34.59;33.50;21.49;11.76;0.25;1.09
20;06 65;VAGGERYD;SKILLINGARYDS FÖRSAMLING;34.67;33.50;21.49;11.76;0.25;1.17
20;06 65;VAGGERYD;SVENARUMS FÖRSAMLING;34.59;33.50;21.49;11.76;0.25;1.09
20;06 80;JÖNKÖPING;BANKERYDS FÖRSAMLING;34.98;33.65;21.64;11.76;0.25;1.33
20;06 80;JÖNKÖPING;BARNARP-ÖDESTUGU FÖRSAMLING;34.96;33.65;21.64;11.76;0.25;1.31
20;06 80;JÖNKÖPING;GRÄNNA FÖRSAMLING;35.08;33.65;21.64;11.76;0.25;1.43
20;06 80;JÖNKÖPING;HAKARPS FÖRSAMLING;34.81;33.65;21.64;11.76;0.25;1.16
20;06 80;JÖNKÖPING;HUSKVARNA FÖRSAMLING;34.81;33.65;21.64;11.76;0.25;1.16
20;06 80;JÖNKÖPING;JÖNKÖPINGS FÖRSAMLING;34.66;33.65;21.64;11.76;0.25;1.01
20;06 80;JÖNKÖPING;LEKERYDS FÖRSAMLING;35.15;33.65;21.64;11.76;0.25;1.50
20;06 80;JÖNKÖPING;MÅNSARPS FÖRSAMLING;34.83;33.65;21.64;11.76;0.25;1.18
20;06 80;JÖNKÖPING;NORRA MO FÖRSAMLING;34.915;33.65;21.64;11.76;0.25;1.265
20;06 80;JÖNKÖPING;NORRAHAMMARS FÖRSAMLING;34.85;33.65;21.64;11.76;0.25;1.20
20;06 80;JÖNKÖPING;ROGBERGA-ÖGGESTORPS FÖRSAMLING;35.01;33.65;21.64;11.76;0.25;1.36
20;06 80;JÖNKÖPING;SKÄRSTAD-ÖLMSTADS FÖRSAMLING;34.98;33.65;21.64;11.76;0.25;1.33
20;06 80;JÖNKÖPING;VISINGSÖ FÖRSAMLING;35.08;33.65;21.64;11.76;0.25;1.43
20;06 82;NÄSSJÖ;ALMESÅKRA FÖRSAMLING;35.45;34.55;22.54;11.76;0.25;0.90
20;06 82;NÄSSJÖ;BARKERYD-FORSERUMS FÖRSAMLING;35.45;34.55;22.54;11.76;0.25;0.90
20;06 82;NÄSSJÖ;BRINGETOFTA FÖRSAMLING;35.45;34.55;22.54;11.76;0.25;0.90
20;06 82;NÄSSJÖ;MALMBÄCKS FÖRSAMLING;35.45;34.55;22.54;11.76;0.25;0.90
20;06 82;NÄSSJÖ;NORRA SANDSJÖ FÖRSAMLING;35.45;34.55;22.54;11.76;0.25;0.90
20;06 82;NÄSSJÖ;NORRA SOLBERGA-FLISBY FÖRSAMLING;35.95;34.55;22.54;11.76;0.25;1.40
20;06 82;NÄSSJÖ;NÄSSJÖ FÖRSAMLING;35.45;34.55;22.54;11.76;0.25;0.90
20;06 83;VÄRNAMO;BREDARYDS FÖRSAMLING;35.03;33.53;21.52;11.76;0.25;1.50
20;06 83;VÄRNAMO;FORSHEDABYGDENS FÖRSAMLING;35.03;33.53;21.52;11.76;0.25;1.50
20;06 83;VÄRNAMO;GÄLLARYDS FÖRSAMLING;35.04;33.53;21.52;11.76;0.25;1.51
20;06 83;VÄRNAMO;NYDALA-FRYELE FÖRSAMLING;34.47;33.53;21.52;11.76;0.25;0.94
20;06 83;VÄRNAMO;RYDAHOLMS FÖRSAMLING;34.83;33.53;21.52;11.76;0.25;1.30
20;06 83;VÄRNAMO;TÅNNÖ FÖRSAMLING;35.04;33.53;21.52;11.76;0.25;1.51
20;06 83;VÄRNAMO;VOXTORPS FÖRSAMLING;35.04;33.53;21.52;11.76;0.25;1.51
20;06 83;VÄRNAMO;VÄRNAMO FÖRSAMLING;34.47;33.53;21.52;11.76;0.25;0.94
20;06 84;SÄVSJÖ;STOCKARYDS FÖRSAMLING;35.18;33.93;21.92;11.76;0.25;1.25
20;06 84;SÄVSJÖ;SÄVSJÖ FÖRSAMLING;35.18;33.93;21.92;11.76;0.25;1.25
20;06 84;SÄVSJÖ;VRIGSTAD-HYLLETOFTA FÖRSAMLING;35.18;33.93;21.92;11.76;0.25;1.25
20;06 85;VETLANDA;ALSEDA FÖRSAMLING;35.38;34.02;22.01;11.76;0.25;1.36
20;06 85;VETLANDA;BJÖRKÖ FÖRSAMLING;35.38;34.02;22.01;11.76;0.25;1.36
20;06 85;VETLANDA;BÄCKSEDA FÖRSAMLING;35.38;34.02;22.01;11.76;0.25;1.36
20;06 85;VETLANDA;EKENÄSSJÖNS FÖRSAMLING;35.38;34.02;22.01;11.76;0.25;1.36
20;06 85;VETLANDA;KORSBERGA FÖRSAMLING;35.38;34.02;22.01;11.76;0.25;1.36
20;06 85;VETLANDA;LANNASKEDE FÖRSAMLING;35.38;34.02;22.01;11.76;0.25;1.36
20;06 85;VETLANDA;NYE, NÄSHULTS OCH STENBERGA FÖRSAMLI;35.38;34.02;22.01;11.76;0.25;1.36
20;06 85;VETLANDA;NÄSBY FÖRSAMLING;35.38;34.02;22.01;11.76;0.25;1.36
20;06 85;VETLANDA;NÄVELSJÖ FÖRSAMLING;35.38;34.02;22.01;11.76;0.25;1.36
20;06 85;VETLANDA;VETLANDA FÖRSAMLING;35.38;34.02;22.01;11.76;0.25;1.36
20;06 86;EKSJÖ;EKSJÖ FÖRSAMLING;35.67;34.27;22.26;11.76;0.25;1.40
20;06 86;EKSJÖ;HULT-EDSHULTS FÖRSAMLING;35.67;34.27;22.26;11.76;0.25;1.40
20;06 86;EKSJÖ;HÄSSLEBY-KRÅKSHULTS FÖRSAMLING;35.67;34.27;22.26;11.76;0.25;1.40
20;06 86;EKSJÖ;HÖREDA FÖRSAMLING;35.67;34.27;22.26;11.76;0.25;1.40
20;06 86;EKSJÖ;INGATORP-BELLÖ FÖRSAMLING;35.67;34.27;22.26;11.76;0.25;1.40
20;06 86;EKSJÖ;MELLBY FÖRSAMLING;35.67;34.27;22.26;11.76;0.25;1.40
20;06 87;TRANÅS;ADELÖVS FÖRSAMLING;35.11;34.01;22.01;11.76;0.24;1.10
20;06 87;TRANÅS;LINDERÅS FÖRSAMLING;35.11;34.01;22.01;11.76;0.24;1.10
20;06 87;TRANÅS;SÄBY FÖRSAMLING;35.11;34.01;22.01;11.76;0.24;1.10
20;07 60;UPPVIDINGE;LENHOVDA-HERRÅKRA FÖRSAMLING;35.60;34.25;22.00;12.00;0.25;1.35
20;07 60;UPPVIDINGE;NOTTEBÄCKS FÖRSAMLING;35.60;34.25;22.00;12.00;0.25;1.35
20;07 60;UPPVIDINGE;ÅSEDA FÖRSAMLING;35.60;34.25;22.00;12.00;0.25;1.35
20;07 60;UPPVIDINGE;ÄLGHULTS FÖRSAMLING;35.60;34.25;22.00;12.00;0.25;1.35
20;07 61;LESSEBO;EKEBERGA FÖRSAMLING;35.39;34.06;21.81;12.00;0.25;1.33
20;07 61;LESSEBO;HOVMANTORPS FÖRSAMLING;35.39;34.06;21.81;12.00;0.25;1.33
20;07 61;LESSEBO;LESSEBO FÖRSAMLING;35.39;34.06;21.81;12.00;0.25;1.33
20;07 61;LESSEBO;LJUDERS FÖRSAMLING;35.39;34.06;21.81;12.00;0.25;1.33
20;07 63;TINGSRYD;ALMUNDSRYDS FÖRSAMLING;35.75;34.25;22.00;12.00;0.25;1.50
20;07 63;TINGSRYD;LINNERYDS FÖRSAMLING;35.75;34.25;22.00;12.00;0.25;1.50
20;07 63;TINGSRYD;SÖDRA SANDSJÖ FÖRSAMLING;35.75;34.25;22.00;12.00;0.25;1.50
20;07 63;TINGSRYD;TINGSÅS FÖRSAMLING;35.75;34.25;22.00;12.00;0.25;1.50
20;07 63;TINGSRYD;URSHULTS FÖRSAMLING;35.75;34.25;22.00;12.00;0.25;1.50
20;07 63;TINGSRYD;VÄCKELSÅNGS FÖRSAMLING;35.75;34.25;22.00;12.00;0.25;1.50
20;07 63;TINGSRYD;ÄLMEBODA FÖRSAMLING;35.75;34.25;22.00;12.00;0.25;1.50
20;07 64;ALVESTA;ALVESTA FÖRSAMLING;34.72;33.67;21.42;12.00;0.25;1.05
20;07 64;ALVESTA;MISTELÅS FÖRSAMLING;34.89;33.67;21.42;12.00;0.25;1.22
20;07 64;ALVESTA;MOHEDA FÖRSAMLING;34.89;33.67;21.42;12.00;0.25;1.22
20;07 64;ALVESTA;SKATELÖVS FÖRSAMLING;35.09;33.67;21.42;12.00;0.25;1.42
20;07 64;ALVESTA;SLÄTTHÖGS FÖRSAMLING;34.89;33.67;21.42;12.00;0.25;1.22
20;07 64;ALVESTA;VISLANDA-BLÄDINGE FÖRSAMLING;34.92;33.67;21.42;12.00;0.25;1.25
20;07 64;ALVESTA;VÄSTRA TORSÅS FÖRSAMLING;35.09;33.67;21.42;12.00;0.25;1.42
20;07 65;ÄLMHULT;GÖTERYDS FÖRSAMLING;34.58;33.21;20.96;12.00;0.25;1.37
20;07 65;ÄLMHULT;HALLARYDS FÖRSAMLING;34.58;33.21;20.96;12.00;0.25;1.37
20;07 65;ÄLMHULT;PJÄTTERYDS FÖRSAMLING;34.58;33.21;20.96;12.00;0.25;1.37
20;07 65;ÄLMHULT;STENBROHULTS FÖRSAMLING;34.42;33.21;20.96;12.00;0.25;1.21
20;07 65;ÄLMHULT;VIRESTAD-HÄRLUNDA FÖRSAMLING;34.59;33.21;20.96;12.00;0.25;1.38
20;07 65;ÄLMHULT;ÄLMHULTS FÖRSAMLING;34.31;33.21;20.96;12.00;0.25;1.10
20;07 67;MARKARYD;HINNERYDS FÖRSAMLING;35.00;33.56;21.31;12.00;0.25;1.44
20;07 67;MARKARYD;MARKARYDS FÖRSAMLING;34.61;33.56;21.31;12.00;0.25;1.05
20;07 67;MARKARYD;TRARYDS FÖRSAMLING;35.00;33.56;21.31;12.00;0.25;1.44
20;07 80;VÄXJÖ;DÄDESJÖ FÖRSAMLING;33.49;32.44;20.19;12.00;0.25;1.05
20;07 80;VÄXJÖ;GEMLA FÖRSAMLING;33.49;32.44;20.19;12.00;0.25;1.05
20;07 80;VÄXJÖ;GÅRDSBY FÖRSAMLING;33.49;32.44;20.19;12.00;0.25;1.05
20;07 80;VÄXJÖ;HEMMESJÖ-FURUBY FÖRSAMLING;33.49;32.44;20.19;12.00;0.25;1.05
20;07 80;VÄXJÖ;INGELSTADS FÖRSAMLING;33.49;32.44;20.19;12.00;0.25;1.05
20;07 80;VÄXJÖ;KALVSVIKS FÖRSAMLING;33.49;32.44;20.19;12.00;0.25;1.05
20;07 80;VÄXJÖ;LAMMHULTS FÖRSAMLING;33.49;32.44;20.19;12.00;0.25;1.05
20;07 80;VÄXJÖ;SJÖSÅS FÖRSAMLING;33.49;32.44;20.19;12.00;0.25;1.05
20;07 80;VÄXJÖ;SÖRABY FÖRSAMLING;33.49;32.44;20.19;12.00;0.25;1.05
20;07 80;VÄXJÖ;TÄVELSÅS FÖRSAMLING;33.49;32.44;20.19;12.00;0.25;1.05
20;07 80;VÄXJÖ;VEDERSLÖVS FÖRSAMLING;33.49;32.44;20.19;12.00;0.25;1.05
20;07 80;VÄXJÖ;VÄXJÖ STADS- OCH DOMKYRKOFÖRSAMLING;33.49;32.44;20.19;12.00;0.25;1.05
20;07 80;VÄXJÖ;ÖJABY FÖRSAMLING;33.49;32.44;20.19;12.00;0.25;1.05
20;07 81;LJUNGBY;AGUNNARYDS FÖRSAMLING;34.93;33.32;21.07;12.00;0.25;1.61
20;07 81;LJUNGBY;ANGELSTADS FÖRSAMLING;34.52;33.32;21.07;12.00;0.25;1.20
20;07 81;LJUNGBY;ANNERSTADS FÖRSAMLING;34.52;33.32;21.07;12.00;0.25;1.20
20;07 81;LJUNGBY;BERGA FÖRSAMLING;34.73;33.32;21.07;12.00;0.25;1.41
20;07 81;LJUNGBY;BOLMSÖ FÖRSAMLING;34.73;33.32;21.07;12.00;0.25;1.41
20;07 81;LJUNGBY;DÖRARPS FÖRSAMLING;34.73;33.32;21.07;12.00;0.25;1.41
20;07 81;LJUNGBY;LIDHULTS FÖRSAMLING;34.52;33.32;21.07;12.00;0.25;1.20
20;07 81;LJUNGBY;LJUNGBY FÖRSAMLING;34.52;33.32;21.07;12.00;0.25;1.20
20;07 81;LJUNGBY;LJUNGBY MARIA FÖRSAMLING;34.52;33.32;21.07;12.00;0.25;1.20
20;07 81;LJUNGBY;ODENSJÖ FÖRSAMLING;34.52;33.32;21.07;12.00;0.25;1.20
20;07 81;LJUNGBY;RYSSBY FÖRSAMLING;34.93;33.32;21.07;12.00;0.25;1.61
20;07 81;LJUNGBY;SÖDRA LJUNGA FÖRSAMLING;34.76;33.32;21.07;12.00;0.25;1.44
20;07 81;LJUNGBY;TANNÅKERS FÖRSAMLING;34.73;33.32;21.07;12.00;0.25;1.41
20;07 81;LJUNGBY;TORPA FÖRSAMLING;34.52;33.32;21.07;12.00;0.25;1.20
20;07 81;LJUNGBY;TUTARYDS FÖRSAMLING;34.93;33.32;21.07;12.00;0.25;1.61
20;07 81;LJUNGBY;VITTARYDS FÖRSAMLING;34.73;33.32;21.07;12.00;0.25;1.41
20;07 81;LJUNGBY;VRÅ FÖRSAMLING;34.52;33.32;21.07;12.00;0.25;1.20
20;08 21;HÖGSBY;FAGERHULTS FÖRSAMLING;35.04;33.82;21.71;11.86;0.25;1.22
20;08 21;HÖGSBY;FÅGELFORS FÖRSAMLING;35.04;33.82;21.71;11.86;0.25;1.22
20;08 21;HÖGSBY;HÖGSBY FÖRSAMLING;35.04;33.82;21.71;11.86;0.25;1.22
20;08 21;HÖGSBY;LÅNGEMÅLA FÖRSAMLING;35.04;33.82;21.71;11.86;0.25;1.22
20;08 34;TORSÅS;GULLABO FÖRSAMLING;34.79;33.54;21.43;11.86;0.25;1.25
20;08 34;TORSÅS;SÖDERÅKRA FÖRSAMLING;34.79;33.54;21.43;11.86;0.25;1.25
20;08 34;TORSÅS;TORSÅS FÖRSAMLING;34.79;33.54;21.43;11.86;0.25;1.25
20;08 40;MÖRBYLÅNGA;GLÖMMINGE-ALGUTSRUMS FÖRSAMLING;35.87;34.32;22.21;11.86;0.25;1.55
20;08 40;MÖRBYLÅNGA;HULTERSTAD-STENÅSA FÖRSAMLING;35.87;34.32;22.21;11.86;0.25;1.55
20;08 40;MÖRBYLÅNGA;MÖRBYLÅNGA-KASTLÖSA FÖRSAMLING;35.87;34.32;22.21;11.86;0.25;1.55
20;08 40;MÖRBYLÅNGA;NORRA MÖCKLEBY, SANDBY OCH GÅRDBY FÖ;35.87;34.32;22.21;11.86;0.25;1.55
20;08 40;MÖRBYLÅNGA;RESMO-VICKLEBY FÖRSAMLING;35.87;34.32;22.21;11.86;0.25;1.55
20;08 40;MÖRBYLÅNGA;SYDÖLANDS FÖRSAMLING;35.87;34.32;22.21;11.86;0.25;1.55
20;08 40;MÖRBYLÅNGA;TORSLUNDA FÖRSAMLING;35.87;34.32;22.21;11.86;0.25;1.55
20;08 60;HULTSFRED;HULTSFREDS FÖRSAMLING;35.36;34.02;21.91;11.86;0.25;1.34
20;08 60;HULTSFRED;JÄREDA FÖRSAMLING;35.36;34.02;21.91;11.86;0.25;1.34
20;08 60;HULTSFRED;LÖNNEBERGA FÖRSAMLING;35.36;34.02;21.91;11.86;0.25;1.34
20;08 60;HULTSFRED;MÅLILLA MED GÅRDVEDA FÖRSAMLING;35.36;34.02;21.91;11.86;0.25;1.34
20;08 60;HULTSFRED;MÖRLUNDA-TVETA FÖRSAMLING;35.36;34.02;21.91;11.86;0.25;1.34
20;08 60;HULTSFRED;VENA FÖRSAMLING;35.36;34.02;21.91;11.86;0.25;1.34
20;08 60;HULTSFRED;VIRSERUMS FÖRSAMLING;35.36;34.02;21.91;11.86;0.25;1.34
20;08 61;MÖNSTERÅS;FLISERYDS FÖRSAMLING;35.34;34.32;22.21;11.86;0.25;1.02
20;08 61;MÖNSTERÅS;MÖNSTERÅS FÖRSAMLING;35.34;34.32;22.21;11.86;0.25;1.02
20;08 61;MÖNSTERÅS;ÅLEMS FÖRSAMLING;35.34;34.32;22.21;11.86;0.25;1.02
20;08 62;EMMABODA;ALGUTSBODA FÖRSAMLING;35.42;34.32;22.21;11.86;0.25;1.10
20;08 62;EMMABODA;EMMABODA FÖRSAMLING;35.42;34.32;22.21;11.86;0.25;1.10
20;08 62;EMMABODA;LÅNGASJÖ FÖRSAMLING;35.42;34.32;22.21;11.86;0.25;1.10
20;08 62;EMMABODA;VISSEFJÄRDA FÖRSAMLING;35.42;34.32;22.21;11.86;0.25;1.10
20;08 80;KALMAR;ARBY-HAGBY FÖRSAMLING;35.36;33.92;21.81;11.86;0.25;1.44
20;08 80;KALMAR;DÖRBY FÖRSAMLING;35.09;33.92;21.81;11.86;0.25;1.17
20;08 80;KALMAR;FÖRLÖSA-KLÄCKEBERGA FÖRSAMLING;34.89;33.92;21.81;11.86;0.25;0.97
20;08 80;KALMAR;HALLTORPS-VOXTORPS FÖRSAMLING;35.36;33.92;21.81;11.86;0.25;1.44
20;08 80;KALMAR;HELIGA KORSETS FÖRSAMLING;35.05;33.92;21.81;11.86;0.25;1.13
20;08 80;KALMAR;HOSSMO FÖRSAMLING;35.09;33.92;21.81;11.86;0.25;1.17
20;08 80;KALMAR;KALMAR DOMKYRKOFÖRSAMLING;35.05;33.92;21.81;11.86;0.25;1.13
20;08 80;KALMAR;KALMAR S:T JOHANNES FÖRSAMLING;35.05;33.92;21.81;11.86;0.25;1.13
20;08 80;KALMAR;KARLSLUNDA-MORTORPS FÖRSAMLING;35.36;33.92;21.81;11.86;0.25;1.44
20;08 80;KALMAR;LJUNGBY FÖRSAMLING;35.36;33.92;21.81;11.86;0.25;1.44
20;08 80;KALMAR;RYSSBY FÖRSAMLING;35.17;33.92;21.81;11.86;0.25;1.25
20;08 80;KALMAR;S:TA BIRGITTA FÖRSAMLING;35.05;33.92;21.81;11.86;0.25;1.13
20;08 80;KALMAR;TVÅ SYSTRARS FÖRSAMLING;35.05;33.92;21.81;11.86;0.25;1.13
20;08 80;KALMAR;ÅBY FÖRSAMLING;35.17;33.92;21.81;11.86;0.25;1.25
20;08 81;NYBRO;BÄCKEBO FÖRSAMLING;35.61;34.44;22.33;11.86;0.25;1.17
20;08 81;NYBRO;HÄLLEBERGA FÖRSAMLING;35.61;34.44;22.33;11.86;0.25;1.17
20;08 81;NYBRO;KRISTVALLA FÖRSAMLING;35.61;34.44;22.33;11.86;0.25;1.17
20;08 81;NYBRO;KRÅKSMÅLA FÖRSAMLING;35.61;34.44;22.33;11.86;0.25;1.17
20;08 81;NYBRO;MADESJÖ FÖRSAMLING;35.61;34.44;22.33;11.86;0.25;1.17
20;08 81;NYBRO;NYBRO-S:T SIGFRIDS FÖRSAMLING;35.61;34.44;22.33;11.86;0.25;1.17
20;08 81;NYBRO;OSKARS FÖRSAMLING;35.61;34.44;22.33;11.86;0.25;1.17
20;08 81;NYBRO;ÖRSJÖ FÖRSAMLING;35.61;34.44;22.33;11.86;0.25;1.17
20;08 82;OSKARSHAMN;DÖDERHULTS FÖRSAMLING;35.57;34.37;22.26;11.86;0.25;1.20
20;08 82;OSKARSHAMN;MISTERHULTS FÖRSAMLING;35.57;34.37;22.26;11.86;0.25;1.20
20;08 82;OSKARSHAMN;OSKARSHAMNS FÖRSAMLING;35.48;34.37;22.26;11.86;0.25;1.11
20;08 83;VÄSTERVIK;DALHEMS FÖRSAMLING;34.77;33.27;21.16;11.86;0.25;1.50
20;08 83;VÄSTERVIK;GAMLEBY FÖRSAMLING;34.77;33.27;21.16;11.86;0.25;1.50
20;08 83;VÄSTERVIK;GLADHAMMAR-VÄSTRUMS FÖRSAMLING;34.47;33.27;21.16;11.86;0.25;1.20
20;08 83;VÄSTERVIK;HALLINGEBERG-BLACKSTADS FÖRSAMLING;34.47;33.27;21.16;11.86;0.25;1.20
20;08 83;VÄSTERVIK;HJORTEDS FÖRSAMLING;34.47;33.27;21.16;11.86;0.25;1.20
20;08 83;VÄSTERVIK;LOFTA FÖRSAMLING;34.77;33.27;21.16;11.86;0.25;1.50
20;08 83;VÄSTERVIK;LOFTAHAMMARS FÖRSAMLING;34.77;33.27;21.16;11.86;0.25;1.50
20;08 83;VÄSTERVIK;ODENSVI FÖRSAMLING;34.77;33.27;21.16;11.86;0.25;1.50
20;08 83;VÄSTERVIK;TÖRNSFALLS FÖRSAMLING;34.47;33.27;21.16;11.86;0.25;1.20
20;08 83;VÄSTERVIK;UKNA FÖRSAMLING;34.77;33.27;21.16;11.86;0.25;1.50
20;08 83;VÄSTERVIK;VÄSTERVIKS FÖRSAMLING;34.47;33.27;21.16;11.86;0.25;1.20
20;08 83;VÄSTERVIK;VÄSTRA EDS FÖRSAMLING;34.77;33.27;21.16;11.86;0.25;1.50
20;08 83;VÄSTERVIK;ÖVERUMS FÖRSAMLING;34.77;33.27;21.16;11.86;0.25;1.50
20;08 84;VIMMERBY;FRÖDINGE FÖRSAMLING;35.79;34.47;22.36;11.86;0.25;1.32
20;08 84;VIMMERBY;LOCKNEVI FÖRSAMLING;35.79;34.47;22.36;11.86;0.25;1.32
20;08 84;VIMMERBY;PELARNE FÖRSAMLING;35.79;34.47;22.36;11.86;0.25;1.32
20;08 84;VIMMERBY;RUMSKULLA FÖRSAMLING;35.79;34.47;22.36;11.86;0.25;1.32
20;08 84;VIMMERBY;SÖDRA VI-DJURSDALA FÖRSAMLING;35.92;34.47;22.36;11.86;0.25;1.45
20;08 84;VIMMERBY;TUNA FÖRSAMLING;35.79;34.47;22.36;11.86;0.25;1.32
20;08 84;VIMMERBY;VIMMERBY FÖRSAMLING;35.79;34.47;22.36;11.86;0.25;1.32
20;08 85;BORGHOLM;BORGHOLMS FÖRSAMLING;35.23;33.69;21.58;11.86;0.25;1.54
20;08 85;BORGHOLM;FÖRA-ALBÖKE-LÖTS FÖRSAMLING;35.23;33.69;21.58;11.86;0.25;1.54
20;08 85;BORGHOLM;GÄRDSLÖSA, LÅNGLÖTS OCH RUNSTENS FÖR;35.23;33.69;21.58;11.86;0.25;1.54
20;08 85;BORGHOLM;KÖPINGSVIKS FÖRSAMLING;35.23;33.69;21.58;11.86;0.25;1.54
20;08 85;BORGHOLM;NORDÖLANDS FÖRSAMLING;35.23;33.69;21.58;11.86;0.25;1.54
20;08 85;BORGHOLM;RÄPPLINGE-HÖGSRUMS FÖRSAMLING;35.23;33.69;21.58;11.86;0.25;1.54
20;09 80;GOTLAND;AKEBÄCKS FÖRSAMLING;35.70;33.85;33.60;0.00;0.25;1.85
20;09 80;GOTLAND;ALVA, HEMSE OCH RONE FÖRSAMLING;35.60;33.85;33.60;0.00;0.25;1.75
20;09 80;GOTLAND;BARLINGBO FÖRSAMLING;35.70;33.85;33.60;0.00;0.25;1.85
20;09 80;GOTLAND;BJÖRKE FÖRSAMLING;35.70;33.85;33.60;0.00;0.25;1.85
20;09 80;GOTLAND;BUNGE, RUTE OCH FLERINGE FÖRSAMLING;35.64;33.85;33.60;0.00;0.25;1.79
20;09 80;GOTLAND;DALHEMS FÖRSAMLING;35.70;33.85;33.60;0.00;0.25;1.85
20;09 80;GOTLAND;EKSTA FÖRSAMLING;35.58;33.85;33.60;0.00;0.25;1.73
20;09 80;GOTLAND;ENDRE FÖRSAMLING;35.70;33.85;33.60;0.00;0.25;1.85
20;09 80;GOTLAND;ESKELHEM-TOFTA FÖRSAMLING;35.25;33.85;33.60;0.00;0.25;1.40
20;09 80;GOTLAND;FARDHEMS FÖRSAMLING;35.56;33.85;33.60;0.00;0.25;1.71
20;09 80;GOTLAND;FOLLINGBO FÖRSAMLING;35.70;33.85;33.60;0.00;0.25;1.85
20;09 80;GOTLAND;FORSA FÖRSAMLING;35.64;33.85;33.60;0.00;0.25;1.79
20;09 80;GOTLAND;FRÖJELS FÖRSAMLING;35.58;33.85;33.60;0.00;0.25;1.73
20;09 80;GOTLAND;FÅRÖ FÖRSAMLING;35.64;33.85;33.60;0.00;0.25;1.79
20;09 80;GOTLAND;GARDE FÖRSAMLING;35.45;33.85;33.60;0.00;0.25;1.60
20;09 80;GOTLAND;GERUMS FÖRSAMLING;35.56;33.85;33.60;0.00;0.25;1.71
20;09 80;GOTLAND;GOTHEMS FÖRSAMLING;35.64;33.85;33.60;0.00;0.25;1.79
20;09 80;GOTLAND;HAVDHEMS FÖRSAMLING;35.60;33.85;33.60;0.00;0.25;1.75
20;09 80;GOTLAND;HEJDE FÖRSAMLING;35.58;33.85;33.60;0.00;0.25;1.73
20;09 80;GOTLAND;HEJDEBY FÖRSAMLING;35.70;33.85;33.60;0.00;0.25;1.85
20;09 80;GOTLAND;HOBURGS FÖRSAMLING;35.60;33.85;33.60;0.00;0.25;1.75
20;09 80;GOTLAND;KLINTE FÖRSAMLING;35.58;33.85;33.60;0.00;0.25;1.73
20;09 80;GOTLAND;LEVIDE FÖRSAMLING;35.56;33.85;33.60;0.00;0.25;1.71
20;09 80;GOTLAND;LINDE FÖRSAMLING;35.56;33.85;33.60;0.00;0.25;1.71
20;09 80;GOTLAND;LOJSTA FÖRSAMLING;35.56;33.85;33.60;0.00;0.25;1.71
20;09 80;GOTLAND;NÄR-LAU FÖRSAMLING;35.41;33.85;33.60;0.00;0.25;1.56
20;09 80;GOTLAND;OTHEM-BOGE FÖRSAMLING;35.64;33.85;33.60;0.00;0.25;1.79
20;09 80;GOTLAND;ROMA FÖRSAMLING;35.70;33.85;33.60;0.00;0.25;1.85
20;09 80;GOTLAND;SANDA, VÄSTERGARN OCH MÄSTERBY FÖRSA;35.58;33.85;33.60;0.00;0.25;1.73
20;09 80;GOTLAND;SPROGE FÖRSAMLING;35.58;33.85;33.60;0.00;0.25;1.73
20;09 80;GOTLAND;STENKUMLA FÖRSAMLING;35.28;33.85;33.60;0.00;0.25;1.43
20;09 80;GOTLAND;STENKYRKA FÖRSAMLING;35.64;33.85;33.60;0.00;0.25;1.79
20;09 80;GOTLAND;STÅNGA-BURS FÖRSAMLING;35.41;33.85;33.60;0.00;0.25;1.56
20;09 80;GOTLAND;VALL, HOGRÄN OCH ATLINGBO FÖRSAMLING;35.25;33.85;33.60;0.00;0.25;1.40
20;09 80;GOTLAND;VISBY DOMKYRKOFÖRSAMLING;35.30;33.85;33.60;0.00;0.25;1.45
20;09 80;GOTLAND;VÄNGE FÖRSAMLING;35.70;33.85;33.60;0.00;0.25;1.85
20;09 80;GOTLAND;VÄSKINDE FÖRSAMLING;35.64;33.85;33.60;0.00;0.25;1.79
20;09 80;GOTLAND;VÄTE FÖRSAMLING;35.58;33.85;33.60;0.00;0.25;1.73
20;09 80;GOTLAND;ÖSTERGARNS FÖRSAMLING;35.70;33.85;33.60;0.00;0.25;1.85
20;10 60;OLOFSTRÖM;JÄMSHÖGS FÖRSAMLING;35.18;34.00;21.71;12.04;0.25;1.18
20;10 60;OLOFSTRÖM;KYRKHULTS FÖRSAMLING;35.15;34.00;21.71;12.04;0.25;1.15
20;10 80;KARLSKRONA;ASPÖ FÖRSAMLING;34.94;33.94;21.65;12.04;0.25;1.00
20;10 80;KARLSKRONA;FRIDLEVSTADS FÖRSAMLING;35.08;33.94;21.65;12.04;0.25;1.14
20;10 80;KARLSKRONA;JÄMJÖ FÖRSAMLING;35.02;33.94;21.65;12.04;0.25;1.08
20;10 80;KARLSKRONA;KARLSKRONA AMIRALITETSFÖRSAMLING;34.93;33.94;21.65;12.04;0.25;0.99
20;10 80;KARLSKRONA;KARLSKRONA STADSFÖRSAMLING;34.94;33.94;21.65;12.04;0.25;1.00
20;10 80;KARLSKRONA;KRISTIANOPELS FÖRSAMLING;35.02;33.94;21.65;12.04;0.25;1.08
20;10 80;KARLSKRONA;LYCKÅ FÖRSAMLING;34.88;33.94;21.65;12.04;0.25;0.94
20;10 80;KARLSKRONA;NÄTTRABY-HASSLÖ FÖRSAMLING;34.90;33.94;21.65;12.04;0.25;0.96
20;10 80;KARLSKRONA;RAMDALA FÖRSAMLING;35.02;33.94;21.65;12.04;0.25;1.08
20;10 80;KARLSKRONA;RÖDEBY FÖRSAMLING;35.06;33.94;21.65;12.04;0.25;1.12
20;10 80;KARLSKRONA;STURKÖ FÖRSAMLING;35.02;33.94;21.65;12.04;0.25;1.08
20;10 80;KARLSKRONA;TORHAMNS FÖRSAMLING;35.02;33.94;21.65;12.04;0.25;1.08
20;10 81;RONNEBY;BRÄKNE-HOBY FÖRSAMLING;35.32;34.20;21.91;12.04;0.25;1.12
20;10 81;RONNEBY;RONNEBY FÖRSAMLING;35.32;34.20;21.91;12.04;0.25;1.12
20;10 82;KARLSHAMN;ASARUMS FÖRSAMLING;35.10;34.05;21.76;12.04;0.25;1.05
20;10 82;KARLSHAMN;HÄLLARYDS FÖRSAMLING;35.01;34.05;21.76;12.04;0.25;0.96
20;10 82;KARLSHAMN;KARLSHAMNS FÖRSAMLING;35.01;34.05;21.76;12.04;0.25;0.96
20;10 82;KARLSHAMN;MÖRRUM-ELLEHOLMS FÖRSAMLING;35.18;34.05;21.76;12.04;0.25;1.13
20;10 82;KARLSHAMN;RINGAMÅLA FÖRSAMLING;35.10;34.05;21.76;12.04;0.25;1.05
20;10 82;KARLSHAMN;ÅRYDS FÖRSAMLING;35.01;34.05;21.76;12.04;0.25;0.96
20;10 83;SÖLVESBORG;MJÄLLBY FÖRSAMLING;35.18;34.11;21.82;12.04;0.25;1.07
20;10 83;SÖLVESBORG;SÖLVESBORGS FÖRSAMLING;35.02;34.11;21.82;12.04;0.25;0.91
20;12 14;SVALÖV;BILLEBERGA-SIREKÖPINGE FÖRSAMLING;33.44;32.17;20.74;11.18;0.25;1.27
20;12 14;SVALÖV;KÅGERÖD-RÖSTÅNGA FÖRSAMLING;33.60;32.17;20.74;11.18;0.25;1.43
20;12 14;SVALÖV;SVALÖVS FÖRSAMLING;33.44;32.17;20.74;11.18;0.25;1.27
20;12 14;SVALÖV;TECKOMATORPS FÖRSAMLING;33.44;32.17;20.74;11.18;0.25;1.27
20;12 30;STAFFANSTORP;S:T STAFFANS FÖRSAMLING;31.84;30.97;19.54;11.18;0.25;0.87
20;12 30;STAFFANSTORP;UPPÅKRA FÖRSAMLING;32.16;30.97;19.54;11.18;0.25;1.19
20;12 31;BURLÖV;BURLÖVS FÖRSAMLING;32.37;31.52;20.09;11.18;0.25;0.85
20;12 33;VELLINGE;HÖLLVIKENS FÖRSAMLING;30.73;29.93;18.50;11.18;0.25;0.80
20;12 33;VELLINGE;SKANÖR-FALSTERBO FÖRSAMLING;30.92;29.93;18.50;11.18;0.25;0.99
20;12 33;VELLINGE;VELLINGE-MÅNSTORPS FÖRSAMLING;31.02;29.93;18.50;11.18;0.25;1.09
20;12 56;ÖSTRA GÖINGE;BROBY-EMMISLÖVS FÖRSAMLING;33.65;32.42;20.99;11.18;0.25;1.23
20;12 56;ÖSTRA GÖINGE;GLIMÅKRA FÖRSAMLING;33.64;32.42;20.99;11.18;0.25;1.22
20;12 56;ÖSTRA GÖINGE;HJÄRSÅS FÖRSAMLING;33.64;32.42;20.99;11.18;0.25;1.22
20;12 56;ÖSTRA GÖINGE;KNISLINGE-GRYTS FÖRSAMLING;33.64;32.42;20.99;11.18;0.25;1.22
20;12 56;ÖSTRA GÖINGE;KVIINGE FÖRSAMLING;33.64;32.42;20.99;11.18;0.25;1.22
20;12 57;ÖRKELLJUNGA;RYA FÖRSAMLING;31.61;30.49;19.06;11.18;0.25;1.12
20;12 57;ÖRKELLJUNGA;SKÅNES-FAGERHULTS FÖRSAMLING;31.61;30.49;19.06;11.18;0.25;1.12
20;12 57;ÖRKELLJUNGA;ÖRKELLJUNGA FÖRSAMLING;31.61;30.49;19.06;11.18;0.25;1.12
20;12 60;BJUV;BJUVS FÖRSAMLING;33.45;32.42;20.99;11.18;0.25;1.03
20;12 61;KÄVLINGE;HOFTERUPS FÖRSAMLING;30.65;29.94;18.51;11.18;0.25;0.71
20;12 61;KÄVLINGE;KÄVLINGE FÖRSAMLING;31.03;29.94;18.51;11.18;0.25;1.09
20;12 61;KÄVLINGE;LACKALÄNGA-STÄVIE FÖRSAMLING;31.27;29.94;18.51;11.18;0.25;1.33
20;12 61;KÄVLINGE;LÖDDEBYGDENS FÖRSAMLING;31.01;29.94;18.51;11.18;0.25;1.07
20;12 61;KÄVLINGE;VÄSTRA KARABY OCH DAGSTORPS FÖRSAMLI;30.65;29.94;18.51;11.18;0.25;0.71
20;12 62;LOMMA;BJÄRREDS FÖRSAMLING;32.15;31.07;19.64;11.18;0.25;1.08
20;12 62;LOMMA;LOMMA FÖRSAMLING;31.89;31.07;19.64;11.18;0.25;0.82
20;12 63;SVEDALA;SVEDALA FÖRSAMLING;32.55;31.67;20.24;11.18;0.25;0.88
20;12 63;SVEDALA;VÄRBY FÖRSAMLING;32.59;31.67;20.24;11.18;0.25;0.92
20;12 64;SKURUP;SKIVARPS FÖRSAMLING;33.13;31.85;20.42;11.18;0.25;1.28
20;12 64;SKURUP;SKURUPS FÖRSAMLING;32.93;31.85;20.42;11.18;0.25;1.08
20;12 64;SKURUP;VILLIE FÖRSAMLING;33.16;31.85;20.42;11.18;0.25;1.31
20;12 65;SJÖBO;BLENTARPS FÖRSAMLING;33.53;32.35;20.92;11.18;0.25;1.18
20;12 65;SJÖBO;LÖVESTADS FÖRSAMLING;33.51;32.35;20.92;11.18;0.25;1.16
20;12 65;SJÖBO;SJÖBO FÖRSAMLING;33.23;32.35;20.92;11.18;0.25;0.88
20;12 65;SJÖBO;VOLLSJÖ FÖRSAMLING;33.61;32.35;20.92;11.18;0.25;1.26
20;12 66;HÖRBY;HÖRBY FÖRSAMLING;33.64;32.51;21.08;11.18;0.25;1.13
20;12 67;HÖÖR;HÖÖRS FÖRSAMLING;34.44;33.31;21.88;11.18;0.25;1.13
20;12 67;HÖÖR;RINGSJÖ FÖRSAMLING;34.59;33.31;21.88;11.18;0.25;1.28
20;12 70;TOMELILLA;BRÖSARP-TRANÅS FÖRSAMLING;33.36;32.04;20.61;11.18;0.25;1.32
20;12 70;TOMELILLA;SMEDSTORPS FÖRSAMLING;33.48;32.04;20.61;11.18;0.25;1.44
20;12 70;TOMELILLA;TOMELILLABYGDENS FÖRSAMLING;33.15;32.04;20.61;11.18;0.25;1.11
20;12 72;BROMÖLLA;IVETOFTA-GUALÖVS FÖRSAMLING;34.19;33.19;21.76;11.18;0.25;1.00
20;12 72;BROMÖLLA;NÄSUMS FÖRSAMLING;34.19;33.19;21.76;11.18;0.25;1.00
20;12 73;OSBY;LOSHULTS FÖRSAMLING;34.73;33.69;22.26;11.18;0.25;1.04
20;12 73;OSBY;OSBY-VISSELTOFTA FÖRSAMLING;34.73;33.69;22.26;11.18;0.25;1.04
20;12 73;OSBY;ÖRKENEDS FÖRSAMLING;34.73;33.69;22.26;11.18;0.25;1.04
20;12 75;PERSTORP;PERSTORPS FÖRSAMLING;33.44;32.24;20.81;11.18;0.25;1.20
20;12 76;KLIPPAN;KLIPPANS FÖRSAMLING;33.33;32.18;20.75;11.18;0.25;1.15
20;12 76;KLIPPAN;RISEBERGA-FÄRINGTOFTA FÖRSAMLING;33.33;32.18;20.75;11.18;0.25;1.15
20;12 76;KLIPPAN;ÖSTRA LJUNGBY FÖRSAMLING;33.33;32.18;20.75;11.18;0.25;1.15
20;12 77;ÅSTORP;BJÖRNEKULLA-VÄSTRA BROBY FÖRSAMLING;32.90;31.72;20.29;11.18;0.25;1.18
20;12 77;ÅSTORP;KVIDINGE FÖRSAMLING;33.15;31.72;20.29;11.18;0.25;1.43
20;12 78;BÅSTAD;BÅSTAD-ÖSTRA KARUPS FÖRSAMLING;32.99;31.66;20.23;11.18;0.25;1.33
20;12 78;BÅSTAD;FÖRSLÖV-GREVIE FÖRSAMLING;32.92;31.66;20.23;11.18;0.25;1.26
20;12 78;BÅSTAD;TOREKOVS FÖRSAMLING;32.99;31.66;20.23;11.18;0.25;1.33
20;12 78;BÅSTAD;VÄSTRA KARUP-HOVS FÖRSAMLING;32.99;31.66;20.23;11.18;0.25;1.33
20;12 80;MALMÖ;FOSIE FÖRSAMLING;33.60;32.67;21.24;11.18;0.25;0.93
20;12 80;MALMÖ;HUSIE FÖRSAMLING;33.60;32.67;21.24;11.18;0.25;0.93
20;12 80;MALMÖ;HYLLIE FÖRSAMLING;33.60;32.67;21.24;11.18;0.25;0.93
20;12 80;MALMÖ;LIMHAMNS FÖRSAMLING;33.60;32.67;21.24;11.18;0.25;0.93
20;12 80;MALMÖ;MALMÖ S:T JOHANNES FÖRSAMLING;33.60;32.67;21.24;11.18;0.25;0.93
20;12 80;MALMÖ;MALMÖ S:T PETRI FÖRSAMLING;33.60;32.67;21.24;11.18;0.25;0.93
20;12 81;LUND;DALBY FÖRSAMLING;33.70;32.67;21.24;11.18;0.25;1.03
20;12 81;LUND;GENARPS FÖRSAMLING;33.80;32.67;21.24;11.18;0.25;1.13
20;12 81;LUND;HELGEANDS FÖRSAMLING;33.67;32.67;21.24;11.18;0.25;1.00
20;12 81;LUND;LUNDS ALLHELGONAFÖRSAMLING;33.67;32.67;21.24;11.18;0.25;1.00
20;12 81;LUND;LUNDS DOMKYRKOFÖRSAMLING;33.67;32.67;21.24;11.18;0.25;1.00
20;12 81;LUND;LUNDS ÖSTRA STADSFÖRSAMLING;33.67;32.67;21.24;11.18;0.25;1.00
20;12 81;LUND;NORRA NÖBBELÖVS FÖRSAMLING;33.67;32.67;21.24;11.18;0.25;1.00
20;12 81;LUND;S:T PETERS KLOSTERS FÖRSAMLING;33.67;32.67;21.24;11.18;0.25;1.00
20;12 81;LUND;SÖDRA SANDBY FÖRSAMLING;33.70;32.67;21.24;11.18;0.25;1.03
20;12 81;LUND;TORNS FÖRSAMLING;33.67;32.67;21.24;11.18;0.25;1.00
20;12 81;LUND;VEBERÖDS FÖRSAMLING;33.72;32.67;21.24;11.18;0.25;1.05
20;12 82;LANDSKRONA;HÄLJARPS FÖRSAMLING;32.75;31.67;20.24;11.18;0.25;1.08
20;12 82;LANDSKRONA;LANDSKRONA FÖRSAMLING;32.67;31.67;20.24;11.18;0.25;1.00
20;12 83;HELSINGBORG;ALLERUMS FÖRSAMLING;32.645;31.64;20.21;11.18;0.25;1.005
20;12 83;HELSINGBORG;FILBORNA FÖRSAMLING;32.67;31.64;20.21;11.18;0.25;1.03
20;12 83;HELSINGBORG;FLENINGE FÖRSAMLING;32.645;31.64;20.21;11.18;0.25;1.005
20;12 83;HELSINGBORG;HELSINGBORGS GUSTAV ADOLFS FÖRSAMLIN;32.67;31.64;20.21;11.18;0.25;1.03
20;12 83;HELSINGBORG;HELSINGBORGS MARIA FÖRSAMLING;32.67;31.64;20.21;11.18;0.25;1.03
20;12 83;HELSINGBORG;KROPPS FÖRSAMLING;32.89;31.64;20.21;11.18;0.25;1.25
20;12 83;HELSINGBORG;KVISTOFTA FÖRSAMLING;32.67;31.64;20.21;11.18;0.25;1.03
20;12 83;HELSINGBORG;RAUS FÖRSAMLING;32.67;31.64;20.21;11.18;0.25;1.03
20;12 83;HELSINGBORG;VÄLINGE-KATTARPS FÖRSAMLING;32.645;31.64;20.21;11.18;0.25;1.005
20;12 84;HÖGANÄS;BRUNNBY FÖRSAMLING;32.39;31.16;19.73;11.18;0.25;1.23
20;12 84;HÖGANÄS;FARHULT-JONSTORPS FÖRSAMLING;32.18;31.16;19.73;11.18;0.25;1.02
20;12 84;HÖGANÄS;HÖGANÄS FÖRSAMLING;32.12;31.16;19.73;11.18;0.25;0.96
20;12 84;HÖGANÄS;VIKENS FÖRSAMLING;32.18;31.16;19.73;11.18;0.25;1.02
20;12 84;HÖGANÄS;VÄSBY FÖRSAMLING;32.18;31.16;19.73;11.18;0.25;1.02
20;12 85;ESLÖV;ESLÖVS FÖRSAMLING;32.91;31.97;20.54;11.18;0.25;0.94
20;12 85;ESLÖV;LÖBERÖDS FÖRSAMLING;33.26;31.97;20.54;11.18;0.25;1.29
20;12 85;ESLÖV;MARIEHOLMS FÖRSAMLING;32.91;31.97;20.54;11.18;0.25;0.94
20;12 85;ESLÖV;ÖSTRA ONSJÖ FÖRSAMLING;32.91;31.97;20.54;11.18;0.25;0.94
20;12 86;YSTAD;LJUNITS FÖRSAMLING;32.885;31.54;20.11;11.18;0.25;1.345
20;12 86;YSTAD;LÖDERUPS FÖRSAMLING;32.81;31.54;20.11;11.18;0.25;1.27
20;12 86;YSTAD;STORA KÖPINGE FÖRSAMLING;32.74;31.54;20.11;11.18;0.25;1.20
20;12 86;YSTAD;SÖVESTADSBYGDENS FÖRSAMLING;32.59;31.54;20.11;11.18;0.25;1.05
20;12 86;YSTAD;YSTADS FÖRSAMLING;32.59;31.54;20.11;11.18;0.25;1.05
20;12 87;TRELLEBORG;ANDERSLÖVS FÖRSAMLING;33.21;32.03;20.60;11.18;0.25;1.18
20;12 87;TRELLEBORG;DALKÖPINGE FÖRSAMLING;33.04;32.03;20.60;11.18;0.25;1.01
20;12 87;TRELLEBORG;HAMMARLÖVS FÖRSAMLING;33.15;32.03;20.60;11.18;0.25;1.12
20;12 87;TRELLEBORG;KÄLLSTORPS FÖRSAMLING;33.25;32.03;20.60;11.18;0.25;1.22
20;12 87;TRELLEBORG;TRELLEBORGS FÖRSAMLING;32.86;32.03;20.60;11.18;0.25;0.83
20;12 90;KRISTIANSTAD;ARASLÖVS FÖRSAMLING;34.02;32.89;21.46;11.18;0.25;1.13
20;12 90;KRISTIANSTAD;BÄCKASKOGS FÖRSAMLING;34.30;32.89;21.46;11.18;0.25;1.41
20;12 90;KRISTIANSTAD;DEGEBERGA-EVERÖDS FÖRSAMLING;34.19;32.89;21.46;11.18;0.25;1.30
20;12 90;KRISTIANSTAD;FJÄLKINGE-NYMÖ FÖRSAMLING;34.30;32.89;21.46;11.18;0.25;1.41
20;12 90;KRISTIANSTAD;GUSTAV ADOLF-RINKABY FÖRSAMLING;34.30;32.89;21.46;11.18;0.25;1.41
20;12 90;KRISTIANSTAD;KRISTIANSTADS HELIGA TREFALDIGHETS F;33.81;32.89;21.46;11.18;0.25;0.92
20;12 90;KRISTIANSTAD;KÖPINGE FÖRSAMLING;34.07;32.89;21.46;11.18;0.25;1.18
20;12 90;KRISTIANSTAD;LINDERÖDS FÖRSAMLING;34.12;32.89;21.46;11.18;0.25;1.23
20;12 90;KRISTIANSTAD;NORRA ÅSUMS FÖRSAMLING;33.81;32.89;21.46;11.18;0.25;0.92
20;12 90;KRISTIANSTAD;NOSABY FÖRSAMLING;33.96;32.89;21.46;11.18;0.25;1.07
20;12 90;KRISTIANSTAD;OPPMANNA-VÅNGA FÖRSAMLING;34.22;32.89;21.46;11.18;0.25;1.33
20;12 90;KRISTIANSTAD;TRÄNE-DJURRÖDS FÖRSAMLING;34.07;32.89;21.46;11.18;0.25;1.18
20;12 90;KRISTIANSTAD;VÄ-SKEPPARSLÖVS FÖRSAMLING;34.07;32.89;21.46;11.18;0.25;1.18
20;12 90;KRISTIANSTAD;VÄSTRA OCH ÖSTRA VRAMS FÖRSAMLING;34.12;32.89;21.46;11.18;0.25;1.23
20;12 90;KRISTIANSTAD;ÅHUS FÖRSAMLING;33.76;32.89;21.46;11.18;0.25;0.87
20;12 90;KRISTIANSTAD;ÄSPHULTS FÖRSAMLING;34.12;32.89;21.46;11.18;0.25;1.23
20;12 91;SIMRISHAMN;GÄRSNÄS FÖRSAMLING;33.224;31.94;20.51;11.18;0.25;1.284
20;12 91;SIMRISHAMN;KIVIKS FÖRSAMLING;33.37;31.94;20.51;11.18;0.25;1.43
20;12 91;SIMRISHAMN;SIMRISHAMNS FÖRSAMLING;33.24;31.94;20.51;11.18;0.25;1.30
20;12 92;ÄNGELHOLM;BARKÅKRA FÖRSAMLING;32.93;31.92;20.49;11.18;0.25;1.01
20;12 92;ÄNGELHOLM;HJÄRNARP-TÅSTARPS FÖRSAMLING;33.31;31.92;20.49;11.18;0.25;1.39
20;12 92;ÄNGELHOLM;MUNKA LJUNGBY FÖRSAMLING;33.20;31.92;20.49;11.18;0.25;1.28
20;12 92;ÄNGELHOLM;STRÖVELSTORPS FÖRSAMLING;33.29;31.92;20.49;11.18;0.25;1.37
20;12 92;ÄNGELHOLM;ÄNGELHOLMS FÖRSAMLING;32.96;31.92;20.49;11.18;0.25;1.04
20;12 93;HÄSSLEHOLM;FARSTORPS FÖRSAMLING;33.78;32.63;21.20;11.18;0.25;1.15
20;12 93;HÄSSLEHOLM;HÄSSLEHOLMS FÖRSAMLING;33.64;32.63;21.20;11.18;0.25;1.01
20;12 93;HÄSSLEHOLM;NORRA ÅKARPS FÖRSAMLING;33.78;32.63;21.20;11.18;0.25;1.15
20;12 93;HÄSSLEHOLM;RÖKE FÖRSAMLING;33.91;32.63;21.20;11.18;0.25;1.28
20;12 93;HÄSSLEHOLM;SÖSDALA FÖRSAMLING;33.95;32.63;21.20;11.18;0.25;1.32
20;12 93;HÄSSLEHOLM;TYRINGE FÖRSAMLING;33.91;32.63;21.20;11.18;0.25;1.28
20;12 93;HÄSSLEHOLM;VANKIVA FÖRSAMLING;33.78;32.63;21.20;11.18;0.25;1.15
20;12 93;HÄSSLEHOLM;VERUMS FÖRSAMLING;33.78;32.63;21.20;11.18;0.25;1.15
20;12 93;HÄSSLEHOLM;VINSLÖVS FÖRSAMLING;33.91;32.63;21.20;11.18;0.25;1.28
20;12 93;HÄSSLEHOLM;VITTSJÖ FÖRSAMLING;33.78;32.63;21.20;11.18;0.25;1.15
20;12 93;HÄSSLEHOLM;VÄSTRA TORUPS FÖRSAMLING;33.91;32.63;21.20;11.18;0.25;1.28
20;13 15;HYLTE;FEMSJÖ FÖRSAMLING;34.60;33.10;21.45;11.40;0.25;1.50
20;13 15;HYLTE;FÄRGARYDS FÖRSAMLING;34.60;33.10;21.45;11.40;0.25;1.50
20;13 15;HYLTE;LÅNGARYDS FÖRSAMLING;34.60;33.10;21.45;11.40;0.25;1.50
20;13 15;HYLTE;TORUPS FÖRSAMLING;34.40;33.10;21.45;11.40;0.25;1.30
20;13 15;HYLTE;UNNARYDS FÖRSAMLING;34.60;33.10;21.45;11.40;0.25;1.50
20;13 80;HALMSTAD;ENSLÖVS FÖRSAMLING;33.93;32.63;20.98;11.40;0.25;1.30
20;13 80;HALMSTAD;GETINGE-RÄVINGE FÖRSAMLING;33.93;32.63;20.98;11.40;0.25;1.30
20;13 80;HALMSTAD;HALMSTADS FÖRSAMLING;33.73;32.63;20.98;11.40;0.25;1.10
20;13 80;HALMSTAD;HARPLINGE FÖRSAMLING;33.73;32.63;20.98;11.40;0.25;1.10
20;13 80;HALMSTAD;OSKARSTRÖMS FÖRSAMLING;33.93;32.63;20.98;11.40;0.25;1.30
20;13 80;HALMSTAD;SLÄTTÅKRA-KVIBILLE FÖRSAMLING;33.93;32.63;20.98;11.40;0.25;1.30
20;13 80;HALMSTAD;SNÖSTORPS FÖRSAMLING;33.81;32.63;20.98;11.40;0.25;1.18
20;13 80;HALMSTAD;STENINGE FÖRSAMLING;33.73;32.63;20.98;11.40;0.25;1.10
20;13 80;HALMSTAD;SÖNDRUM-VAPNÖ FÖRSAMLING;33.47;32.63;20.98;11.40;0.25;0.84
20;13 81;LAHOLM;HASSLÖV-VÅXTORPS FÖRSAMLING;33.43;32.23;20.58;11.40;0.25;1.20
20;13 81;LAHOLM;KNÄRED-HISHULTS FÖRSAMLING;33.43;32.23;20.58;11.40;0.25;1.20
20;13 81;LAHOLM;LAHOLMS FÖRSAMLING;33.35;32.23;20.58;11.40;0.25;1.12
20;13 81;LAHOLM;RÄNNESLÖV-YSBY FÖRSAMLING;33.43;32.23;20.58;11.40;0.25;1.20
20;13 81;LAHOLM;SKUMMESLÖVS FÖRSAMLING;33.35;32.23;20.58;11.40;0.25;1.12
20;13 81;LAHOLM;VEINGE-TJÄRBY FÖRSAMLING;33.43;32.23;20.58;11.40;0.25;1.20
20;13 82;FALKENBERG;FAGEREDS FÖRSAMLING;34.05;32.75;21.10;11.40;0.25;1.30
20;13 82;FALKENBERG;FALKENBERGS FÖRSAMLING;34.05;32.75;21.10;11.40;0.25;1.30
20;13 82;FALKENBERG;GUNNARPS FÖRSAMLING;34.05;32.75;21.10;11.40;0.25;1.30
20;13 82;FALKENBERG;GÄLLAREDS FÖRSAMLING;34.05;32.75;21.10;11.40;0.25;1.30
20;13 82;FALKENBERG;KROGSEREDS FÖRSAMLING;34.05;32.75;21.10;11.40;0.25;1.30
20;13 82;FALKENBERG;KÄLLSJÖ FÖRSAMLING;34.05;32.75;21.10;11.40;0.25;1.30
20;13 82;FALKENBERG;MORUPS FÖRSAMLING;34.05;32.75;21.10;11.40;0.25;1.30
20;13 82;FALKENBERG;OKOME FÖRSAMLING;34.05;32.75;21.10;11.40;0.25;1.30
20;13 82;FALKENBERG;SKREA FÖRSAMLING;34.05;32.75;21.10;11.40;0.25;1.30
20;13 82;FALKENBERG;STAFSINGE FÖRSAMLING;34.05;32.75;21.10;11.40;0.25;1.30
20;13 82;FALKENBERG;SUSEDALENS FÖRSAMLING;34.05;32.75;21.10;11.40;0.25;1.30
20;13 82;FALKENBERG;ULLAREDS FÖRSAMLING;34.05;32.75;21.10;11.40;0.25;1.30
20;13 82;FALKENBERG;VESSIGE FÖRSAMLING;34.05;32.75;21.10;11.40;0.25;1.30
20;13 82;FALKENBERG;VINBERG-LJUNGBY FÖRSAMLING;34.05;32.75;21.10;11.40;0.25;1.30
20;13 82;FALKENBERG;ÄLVSEREDS FÖRSAMLING;34.05;32.75;21.10;11.40;0.25;1.30
20;13 83;VARBERG;HIMLEDALENS FÖRSAMLING;33.39;31.98;20.33;11.40;0.25;1.41
20;13 83;VARBERG;LINDBERGA FÖRSAMLING;33.27;31.98;20.33;11.40;0.25;1.29
20;13 83;VARBERG;SIBBARP-DAGSÅS FÖRSAMLING;33.39;31.98;20.33;11.40;0.25;1.41
20;13 83;VARBERG;SPANNARPS FÖRSAMLING;33.39;31.98;20.33;11.40;0.25;1.41
20;13 83;VARBERG;TRÄSLÖVS FÖRSAMLING;33.00;31.98;20.33;11.40;0.25;1.02
20;13 83;VARBERG;TVÅÅKERS FÖRSAMLING;33.39;31.98;20.33;11.40;0.25;1.41
20;13 83;VARBERG;VARBERGS FÖRSAMLING;32.87;31.98;20.33;11.40;0.25;0.89
20;13 83;VARBERG;VEDDIGE-KUNGSÄTERS FÖRSAMLING;33.37;31.98;20.33;11.40;0.25;1.39
20;13 83;VARBERG;VÄRÖ-STRÅVALLA FÖRSAMLING;33.17;31.98;20.33;11.40;0.25;1.19
20;13 84;KUNGSBACKA;FJÄRÅS-FÖRLANDA FÖRSAMLING;34.17;32.98;21.33;11.40;0.25;1.19
20;13 84;KUNGSBACKA;FRILLESÅS FÖRSAMLING;34.32;32.98;21.33;11.40;0.25;1.34
20;13 84;KUNGSBACKA;GÄLLINGE FÖRSAMLING;34.32;32.98;21.33;11.40;0.25;1.34
20;13 84;KUNGSBACKA;IDALA FÖRSAMLING;34.32;32.98;21.33;11.40;0.25;1.34
20;13 84;KUNGSBACKA;KULLAVIKS FÖRSAMLING;34.02;32.98;21.33;11.40;0.25;1.04
20;13 84;KUNGSBACKA;KUNGSBACKA-HANHALS FÖRSAMLING;34.07;32.98;21.33;11.40;0.25;1.09
20;13 84;KUNGSBACKA;LANDA FÖRSAMLING;34.32;32.98;21.33;11.40;0.25;1.34
20;13 84;KUNGSBACKA;ONSALA FÖRSAMLING;33.97;32.98;21.33;11.40;0.25;0.99
20;13 84;KUNGSBACKA;SLÄPS FÖRSAMLING;34.02;32.98;21.33;11.40;0.25;1.04
20;13 84;KUNGSBACKA;TÖLÖ FÖRSAMLING;34.12;32.98;21.33;11.40;0.25;1.14
20;13 84;KUNGSBACKA;VALLDA FÖRSAMLING;34.02;32.98;21.33;11.40;0.25;1.04
20;13 84;KUNGSBACKA;ÄLVSÅKERS FÖRSAMLING;34.12;32.98;21.33;11.40;0.25;1.14
20;13 84;KUNGSBACKA;ÖLMEVALLA FÖRSAMLING;34.32;32.98;21.33;11.40;0.25;1.34
20;14 01;HÄRRYDA;BJÖRKETORPS FÖRSAMLING;33.48;32.35;20.62;11.48;0.25;1.13
20;14 01;HÄRRYDA;HÄRRYDA FÖRSAMLING;33.41;32.35;20.62;11.48;0.25;1.06
20;14 01;HÄRRYDA;LANDVETTERS FÖRSAMLING;33.41;32.35;20.62;11.48;0.25;1.06
20;14 01;HÄRRYDA;RÅDA FÖRSAMLING;33.29;32.35;20.62;11.48;0.25;0.94
20;14 02;PARTILLE;FURULUNDS FÖRSAMLING;32.74;31.69;19.96;11.48;0.25;1.05
20;14 02;PARTILLE;PARTILLE FÖRSAMLING;32.74;31.69;19.96;11.48;0.25;1.05
20;14 02;PARTILLE;SÄVEDALENS FÖRSAMLING;32.74;31.69;19.96;11.48;0.25;1.05
20;14 07;ÖCKERÖ;ÖCKERÖ FÖRSAMLING;34.05;32.94;21.21;11.48;0.25;1.11
20;14 15;STENUNGSUND;JÖRLANDA FÖRSAMLING;34.53;33.37;21.64;11.48;0.25;1.16
20;14 15;STENUNGSUND;NORUMS FÖRSAMLING;34.58;33.37;21.64;11.48;0.25;1.21
20;14 15;STENUNGSUND;SPEKERÖD-UCKLUMS FÖRSAMLING;34.59;33.37;21.64;11.48;0.25;1.22
20;14 15;STENUNGSUND;ÖDSMÅLS FÖRSAMLING;34.58;33.37;21.64;11.48;0.25;1.21
20;14 19;TJÖRN;KLÖVEDALS FÖRSAMLING;34.71;33.44;21.71;11.48;0.25;1.27
20;14 19;TJÖRN;RÖNNÄNGS FÖRSAMLING;34.71;33.44;21.71;11.48;0.25;1.27
20;14 19;TJÖRN;STENKYRKA FÖRSAMLING;34.71;33.44;21.71;11.48;0.25;1.27
20;14 19;TJÖRN;VALLA FÖRSAMLING;34.71;33.44;21.71;11.48;0.25;1.27
20;14 21;ORUST;LÅNGELANDA FÖRSAMLING;36.14;34.84;23.11;11.48;0.25;1.30
20;14 21;ORUST;MORLANDA FÖRSAMLING;36.14;34.84;23.11;11.48;0.25;1.30
20;14 21;ORUST;MYCKLEBY FÖRSAMLING;36.14;34.84;23.11;11.48;0.25;1.30
20;14 21;ORUST;RÖRA FÖRSAMLING;36.14;34.84;23.11;11.48;0.25;1.30
20;14 21;ORUST;STALA FÖRSAMLING;36.14;34.84;23.11;11.48;0.25;1.30
20;14 21;ORUST;TEGNEBY FÖRSAMLING;36.14;34.84;23.11;11.48;0.25;1.30
20;14 21;ORUST;TORPS FÖRSAMLING;36.14;34.84;23.11;11.48;0.25;1.30
20;14 27;SOTENÄS;HUNNEBOSTRANDS FÖRSAMLING;35.05;33.72;21.99;11.48;0.25;1.33
20;14 27;SOTENÄS;SÖDRA SOTENÄS FÖRSAMLING;35.05;33.72;21.99;11.48;0.25;1.33
20;14 27;SOTENÄS;TOSSENE FÖRSAMLING;35.05;33.72;21.99;11.48;0.25;1.33
20;14 30;MUNKEDAL;FOSS FÖRSAMLING;36.62;35.36;23.63;11.48;0.25;1.26
20;14 30;MUNKEDAL;SVARTEBORG-BÄRFENDALS FÖRSAMLING;36.62;35.36;23.63;11.48;0.25;1.26
20;14 30;MUNKEDAL;SÖRBYGDENS FÖRSAMLING;36.62;35.36;23.63;11.48;0.25;1.26
20;14 35;TANUM;BOTTNA FÖRSAMLING;34.73;33.29;21.56;11.48;0.25;1.44
20;14 35;TANUM;FJÄLLBACKA FÖRSAMLING;34.73;33.29;21.56;11.48;0.25;1.44
20;14 35;TANUM;KVILLE FÖRSAMLING;34.73;33.29;21.56;11.48;0.25;1.44
20;14 35;TANUM;LURS FÖRSAMLING;34.73;33.29;21.56;11.48;0.25;1.44
20;14 35;TANUM;NAVERSTAD-MO FÖRSAMLING;34.73;33.29;21.56;11.48;0.25;1.44
20;14 35;TANUM;SVENNEBY FÖRSAMLING;34.73;33.29;21.56;11.48;0.25;1.44
20;14 35;TANUM;TANUMS FÖRSAMLING;34.73;33.29;21.56;11.48;0.25;1.44
20;14 38;DALS-ED;DALS-EDS FÖRSAMLING;36.565;34.94;23.21;11.48;0.25;1.625
20;14 39;FÄRGELANDA;FÄRGELANDA FÖRSAMLING;35.095;33.99;22.26;11.48;0.25;1.105
20;14 39;FÄRGELANDA;HÖGSÄTERS FÖRSAMLING;35.315;33.99;22.26;11.48;0.25;1.325
20;14 40;ALE;NÖDINGE FÖRSAMLING;34.44;33.60;21.87;11.48;0.25;0.84
20;14 40;ALE;SKEPPLANDA-HÅLANDA FÖRSAMLING;34.71;33.60;21.87;11.48;0.25;1.11
20;14 40;ALE;STARRKÄRR-KILANDA FÖRSAMLING;34.73;33.60;21.87;11.48;0.25;1.13
20;14 41;LERUM;LERUMS FÖRSAMLING;33.39;32.38;20.65;11.48;0.25;1.01
20;14 41;LERUM;SKALLSJÖ FÖRSAMLING;33.34;32.38;20.65;11.48;0.25;0.96
20;14 41;LERUM;STORA LUNDBY FÖRSAMLING;33.49;32.38;20.65;11.48;0.25;1.11
20;14 41;LERUM;ÖSTADS FÖRSAMLING;33.49;32.38;20.65;11.48;0.25;1.11
20;14 42;VÅRGÅRDA;ALGUTSTORPS FÖRSAMLING;34.555;33.34;21.61;11.48;0.25;1.215
20;14 42;VÅRGÅRDA;ASKLANDA FÖRSAMLING;34.555;33.34;21.61;11.48;0.25;1.215
20;14 42;VÅRGÅRDA;HOLS FÖRSAMLING;34.555;33.34;21.61;11.48;0.25;1.215
20;14 42;VÅRGÅRDA;LENA FÖRSAMLING;34.555;33.34;21.61;11.48;0.25;1.215
20;14 42;VÅRGÅRDA;NÅRUNGA FÖRSAMLING;34.555;33.34;21.61;11.48;0.25;1.215
20;14 43;BOLLEBYGD;BOLLEBYGDS FÖRSAMLING;34.52;33.32;21.59;11.48;0.25;1.20
20;14 43;BOLLEBYGD;TÖLLSJÖ FÖRSAMLING;34.52;33.32;21.59;11.48;0.25;1.20
20;14 44;GRÄSTORP;FLO FÖRSAMLING;34.875;33.72;21.99;11.48;0.25;1.155
20;14 44;GRÄSTORP;FRIDHEMS FÖRSAMLING;34.875;33.72;21.99;11.48;0.25;1.155
20;14 44;GRÄSTORP;SÄRESTADS FÖRSAMLING;34.875;33.72;21.99;11.48;0.25;1.155
20;14 44;GRÄSTORP;TENGENE FÖRSAMLING;34.875;33.72;21.99;11.48;0.25;1.155
20;14 44;GRÄSTORP;TRÖKÖRNA FÖRSAMLING;34.875;33.72;21.99;11.48;0.25;1.155
20;14 45;ESSUNGA;ESSUNGA FÖRSAMLING;34.915;33.30;21.57;11.48;0.25;1.615
20;14 45;ESSUNGA;FRÄMMESTAD-BÄREBERGS FÖRSAMLING;34.915;33.30;21.57;11.48;0.25;1.615
20;14 46;KARLSBORG;BREVIKS FÖRSAMLING;34.365;33.05;21.32;11.48;0.25;1.315
20;14 46;KARLSBORG;KARLSBORGS FÖRSAMLING;34.365;33.05;21.32;11.48;0.25;1.315
20;14 46;KARLSBORG;MÖLLTORPS FÖRSAMLING;34.365;33.05;21.32;11.48;0.25;1.315
20;14 46;KARLSBORG;UNDENÄS FÖRSAMLING;34.365;33.05;21.32;11.48;0.25;1.315
20;14 47;GULLSPÅNG;AMNEHÄRADS FÖRSAMLING;35.555;34.22;22.49;11.48;0.25;1.335
20;14 52;TRANEMO;DALSTORPS FÖRSAMLING;34.70;33.23;21.50;11.48;0.25;1.47
20;14 52;TRANEMO;LÄNGHEMS FÖRSAMLING;34.70;33.23;21.50;11.48;0.25;1.47
20;14 52;TRANEMO;TRANEMO FÖRSAMLING;34.70;33.23;21.50;11.48;0.25;1.47
20;14 60;BENGTSFORS;BÄCKE-ÖDSKÖLTS FÖRSAMLING;36.205;34.65;22.92;11.48;0.25;1.555
20;14 60;BENGTSFORS;LAXARBY-VÅRVIKS FÖRSAMLING;36.175;34.65;22.92;11.48;0.25;1.525
20;14 60;BENGTSFORS;STENEBY-TISSELSKOGS FÖRSAMLING;36.205;34.65;22.92;11.48;0.25;1.555
20;14 60;BENGTSFORS;TORRSKOGS FÖRSAMLING;36.175;34.65;22.92;11.48;0.25;1.525
20;14 60;BENGTSFORS;ÄRTEMARKS FÖRSAMLING;36.175;34.65;22.92;11.48;0.25;1.525
20;14 61;MELLERUD;BOLSTADS FÖRSAMLING;35.83;34.33;22.60;11.48;0.25;1.50
20;14 61;MELLERUD;HOLMS FÖRSAMLING;35.83;34.33;22.60;11.48;0.25;1.50
20;14 61;MELLERUD;SKÅLLERUDS FÖRSAMLING;35.83;34.33;22.60;11.48;0.25;1.50
20;14 61;MELLERUD;ÖRS FÖRSAMLING;35.83;34.33;22.60;11.48;0.25;1.50
20;14 62;LILLA EDET;FUXERNA-ÅSBRÄCKA FÖRSAMLING;35.16;34.10;22.37;11.48;0.25;1.06
20;14 62;LILLA EDET;HJÄRTUMS FÖRSAMLING;35.16;34.10;22.37;11.48;0.25;1.06
20;14 62;LILLA EDET;LÖDÖSE FÖRSAMLING;35.21;34.10;22.37;11.48;0.25;1.11
20;14 62;LILLA EDET;VÄSTERLANDA FÖRSAMLING;35.16;34.10;22.37;11.48;0.25;1.06
20;14 63;MARK;FRITSLA-SKEPHULTS FÖRSAMLING;34.33;33.24;21.51;11.48;0.25;1.09
20;14 63;MARK;HORREDS FÖRSAMLING;34.65;33.24;21.51;11.48;0.25;1.41
20;14 63;MARK;HYSSNA FÖRSAMLING;34.55;33.24;21.51;11.48;0.25;1.31
20;14 63;MARK;ISTORPS FÖRSAMLING;34.65;33.24;21.51;11.48;0.25;1.41
20;14 63;MARK;KINNA FÖRSAMLING;34.33;33.24;21.51;11.48;0.25;1.09
20;14 63;MARK;SÄTILA FÖRSAMLING;34.55;33.24;21.51;11.48;0.25;1.31
20;14 63;MARK;TORESTORPS FÖRSAMLING;34.77;33.24;21.51;11.48;0.25;1.53
20;14 63;MARK;VÄSTRA MARKS FÖRSAMLING;34.58;33.24;21.51;11.48;0.25;1.34
20;14 63;MARK;ÄLEKULLA FÖRSAMLING;34.77;33.24;21.51;11.48;0.25;1.53
20;14 63;MARK;ÖRBY-SKENE FÖRSAMLING;34.40;33.24;21.51;11.48;0.25;1.16
20;14 63;MARK;ÖXABÄCKS FÖRSAMLING;34.77;33.24;21.51;11.48;0.25;1.53
20;14 63;MARK;ÖXNEVALLA FÖRSAMLING;34.65;33.24;21.51;11.48;0.25;1.41
20;14 65;SVENLJUNGA;KINDAHOLMS FÖRSAMLING;35.55;34.08;22.35;11.48;0.25;1.47
20;14 65;SVENLJUNGA;MJÖBÄCK-HOLSLJUNGA FÖRSAMLING;35.55;34.08;22.35;11.48;0.25;1.47
20;14 65;SVENLJUNGA;SEXDREGA FÖRSAMLING;35.55;34.08;22.35;11.48;0.25;1.47
20;14 65;SVENLJUNGA;SVENLJUNGABYGDENS FÖRSAMLING;35.55;34.08;22.35;11.48;0.25;1.47
20;14 66;HERRLJUNGA;HERRLJUNGA FÖRSAMLING;35.043;33.67;21.94;11.48;0.25;1.373
20;14 66;HERRLJUNGA;HERRLJUNGA LANDSBYGDSFÖRSAMLING;35.043;33.67;21.94;11.48;0.25;1.373
20;14 66;HERRLJUNGA;HOVS FÖRSAMLING;35.043;33.67;21.94;11.48;0.25;1.373
20;14 66;HERRLJUNGA;HUDENE FÖRSAMLING;35.043;33.67;21.94;11.48;0.25;1.373
20;14 66;HERRLJUNGA;ÖSTRA GÄSENE FÖRSAMLING;35.043;33.67;21.94;11.48;0.25;1.373
20;14 70;VARA;VARABYGDENS FÖRSAMLING;35.005;33.50;21.77;11.48;0.25;1.505
20;14 71;GÖTENE;GÖTENE FÖRSAMLING;35.115;33.85;22.12;11.48;0.25;1.265
20;14 71;GÖTENE;HUSABY FÖRSAMLING;35.115;33.85;22.12;11.48;0.25;1.265
20;14 71;GÖTENE;KINNEKULLE FÖRSAMLING;35.115;33.85;22.12;11.48;0.25;1.265
20;14 71;GÖTENE;KÄLLBY FÖRSAMLING;35.115;33.85;22.12;11.48;0.25;1.265
20;14 72;TIBRO;RANSBERGS FÖRSAMLING;33.965;32.94;21.21;11.48;0.25;1.025
20;14 72;TIBRO;TIBRO FÖRSAMLING;33.965;32.94;21.21;11.48;0.25;1.025
20;14 73;TÖREBODA;FREDSBERG-BÄCKS FÖRSAMLING;34.225;32.95;21.22;11.48;0.25;1.275
20;14 73;TÖREBODA;FÄGRE FÖRSAMLING;34.225;32.95;21.22;11.48;0.25;1.275
20;14 73;TÖREBODA;HOVA-ÄLGARÅS FÖRSAMLING;34.225;32.95;21.22;11.48;0.25;1.275
20;14 73;TÖREBODA;TÖREBODA FÖRSAMLING;34.225;32.95;21.22;11.48;0.25;1.275
20;14 80;GÖTEBORG;ANGEREDS FÖRSAMLING;33.70;32.85;21.12;11.48;0.25;0.85
20;14 80;GÖTEBORG;ASKIMS FÖRSAMLING;33.70;32.85;21.12;11.48;0.25;0.85
20;14 80;GÖTEBORG;BACKA FÖRSAMLING;33.70;32.85;21.12;11.48;0.25;0.85
20;14 80;GÖTEBORG;BERGSJÖNS FÖRSAMLING;33.70;32.85;21.12;11.48;0.25;0.85
20;14 80;GÖTEBORG;BJÖRKEKÄRRS FÖRSAMLING;33.70;32.85;21.12;11.48;0.25;0.85
20;14 80;GÖTEBORG;DOMKYRKOFÖRSAMLINGEN I GÖTEBORG;33.70;32.85;21.12;11.48;0.25;0.85
20;14 80;GÖTEBORG;GÖTEBORGS ANNEDALS FÖRSAMLING;33.70;32.85;21.12;11.48;0.25;0.85
20;14 80;GÖTEBORG;GÖTEBORGS CARL JOHANS FÖRSAMLING;33.70;32.85;21.12;11.48;0.25;0.85
20;14 80;GÖTEBORG;GÖTEBORGS HAGA FÖRSAMLING;33.70;32.85;21.12;11.48;0.25;0.85
20;14 80;GÖTEBORG;GÖTEBORGS JOHANNEBERGS FÖRSAMLING;33.70;32.85;21.12;11.48;0.25;0.85
20;14 80;GÖTEBORG;GÖTEBORGS MASTHUGGS FÖRSAMLING;33.70;32.85;21.12;11.48;0.25;0.85
20;14 80;GÖTEBORG;GÖTEBORGS OSCAR FREDRIKS FÖRSAMLING;33.70;32.85;21.12;11.48;0.25;0.85
20;14 80;GÖTEBORG;GÖTEBORGS S:T PAULI FÖRSAMLING;33.70;32.85;21.12;11.48;0.25;0.85
20;14 80;GÖTEBORG;GÖTEBORGS VASA FÖRSAMLING;33.70;32.85;21.12;11.48;0.25;0.85
20;14 80;GÖTEBORG;HÄRLANDA FÖRSAMLING;33.70;32.85;21.12;11.48;0.25;0.85
20;14 80;GÖTEBORG;HÖGSBO FÖRSAMLING;33.70;32.85;21.12;11.48;0.25;0.85
20;14 80;GÖTEBORG;KORTEDALA FÖRSAMLING;33.70;32.85;21.12;11.48;0.25;0.85
20;14 80;GÖTEBORG;LUNDBY FÖRSAMLING;33.70;32.85;21.12;11.48;0.25;0.85
20;14 80;GÖTEBORG;NYLÖSE FÖRSAMLING;33.70;32.85;21.12;11.48;0.25;0.85
20;14 80;GÖTEBORG;NÄSETS FÖRSAMLING;33.70;32.85;21.12;11.48;0.25;0.85
20;14 80;GÖTEBORG;STYRSÖ FÖRSAMLING;33.70;32.85;21.12;11.48;0.25;0.85
20;14 80;GÖTEBORG;TORSLANDA-BJÖRLANDA FÖRSAMLING;33.70;32.85;21.12;11.48;0.25;0.85
20;14 80;GÖTEBORG;TUVE-SÄVE FÖRSAMLING;33.70;32.85;21.12;11.48;0.25;0.85
20;14 80;GÖTEBORG;TYNNEREDS FÖRSAMLING;33.70;32.85;21.12;11.48;0.25;0.85
20;14 80;GÖTEBORG;TYSKA CHRISTINAE FÖRSAMLING;33.70;32.85;21.12;11.48;0.25;0.85
20;14 80;GÖTEBORG;VÄSTRA FRÖLUNDA FÖRSAMLING;33.70;32.85;21.12;11.48;0.25;0.85
20;14 80;GÖTEBORG;ÄLVSBORGS FÖRSAMLING;33.70;32.85;21.12;11.48;0.25;0.85
20;14 80;GÖTEBORG;ÖRGRYTE FÖRSAMLING;33.70;32.85;21.12;11.48;0.25;0.85
20;14 81;MÖLNDAL;FÄSSBERGS FÖRSAMLING;33.04;32.24;20.51;11.48;0.25;0.80
20;14 81;MÖLNDAL;KÅLLEREDS FÖRSAMLING;33.04;32.24;20.51;11.48;0.25;0.80
20;14 81;MÖLNDAL;LINDOME FÖRSAMLING;32.92;32.24;20.51;11.48;0.25;0.68
20;14 81;MÖLNDAL;STENSJÖNS FÖRSAMLING;33.04;32.24;20.51;11.48;0.25;0.80
20;14 82;KUNGÄLV;HARESTADS FÖRSAMLING;34.29;33.17;21.44;11.48;0.25;1.12
20;14 82;KUNGÄLV;HÅLTA FÖRSAMLING;34.33;33.17;21.44;11.48;0.25;1.16
20;14 82;KUNGÄLV;KAREBY FÖRSAMLING;34.28;33.17;21.44;11.48;0.25;1.11
20;14 82;KUNGÄLV;KUNGÄLV-YTTERBY FÖRSAMLING;34.11;33.17;21.44;11.48;0.25;0.94
20;14 82;KUNGÄLV;LYCKE FÖRSAMLING;34.29;33.17;21.44;11.48;0.25;1.12
20;14 82;KUNGÄLV;MARSTRANDS FÖRSAMLING;34.29;33.17;21.44;11.48;0.25;1.12
20;14 82;KUNGÄLV;ROMELANDA FÖRSAMLING;34.28;33.17;21.44;11.48;0.25;1.11
20;14 82;KUNGÄLV;SOLBERGA FÖRSAMLING;34.33;33.17;21.44;11.48;0.25;1.16
20;14 82;KUNGÄLV;TORSBY FÖRSAMLING;34.29;33.17;21.44;11.48;0.25;1.12
20;14 84;LYSEKIL;BRASTADS FÖRSAMLING;35.48;34.19;22.46;11.48;0.25;1.29
20;14 84;LYSEKIL;BRO FÖRSAMLING;35.48;34.19;22.46;11.48;0.25;1.29
20;14 84;LYSEKIL;LYSE FÖRSAMLING;35.48;34.19;22.46;11.48;0.25;1.29
20;14 84;LYSEKIL;LYSEKILS FÖRSAMLING;35.48;34.19;22.46;11.48;0.25;1.29
20;14 84;LYSEKIL;SKAFTÖ FÖRSAMLING;35.48;34.19;22.46;11.48;0.25;1.29
20;14 85;UDDEVALLA;BOKENÄSETS FÖRSAMLING;35.21;33.89;22.16;11.48;0.25;1.32
20;14 85;UDDEVALLA;BÄVE FÖRSAMLING;35.10;33.89;22.16;11.48;0.25;1.21
20;14 85;UDDEVALLA;DALABERGS FÖRSAMLING;35.10;33.89;22.16;11.48;0.25;1.21
20;14 85;UDDEVALLA;HERRESTADS FÖRSAMLING;35.10;33.89;22.16;11.48;0.25;1.21
20;14 85;UDDEVALLA;LANE-RYRS FÖRSAMLING;35.10;33.89;22.16;11.48;0.25;1.21
20;14 85;UDDEVALLA;LJUNGSKILE FÖRSAMLING;34.92;33.89;22.16;11.48;0.25;1.03
20;14 85;UDDEVALLA;UDDEVALLA FÖRSAMLING;35.10;33.89;22.16;11.48;0.25;1.21
20;14 86;STRÖMSTAD;IDEFJORDENS FÖRSAMLING;34.86;33.64;21.91;11.48;0.25;1.22
20;14 86;STRÖMSTAD;SKEE-TJÄRNÖ FÖRSAMLING;34.86;33.64;21.91;11.48;0.25;1.22
20;14 86;STRÖMSTAD;STRÖMSTADS FÖRSAMLING;34.86;33.64;21.91;11.48;0.25;1.22
20;14 87;VÄNERSBORG;BRÅLANDA FÖRSAMLING;35.335;33.94;22.21;11.48;0.25;1.395
20;14 87;VÄNERSBORG;FRÄNDEFORS FÖRSAMLING;35.045;33.94;22.21;11.48;0.25;1.105
20;14 87;VÄNERSBORG;GESTADS FÖRSAMLING;35.335;33.94;22.21;11.48;0.25;1.395
20;14 87;VÄNERSBORG;SUNDALS-RYRS FÖRSAMLING;35.335;33.94;22.21;11.48;0.25;1.395
20;14 87;VÄNERSBORG;VÄNERSBORG OCH VÄNE-RYRS FÖRSAMLING;34.995;33.94;22.21;11.48;0.25;1.055
20;14 87;VÄNERSBORG;VÄNERSNÄS FÖRSAMLING;35.165;33.94;22.21;11.48;0.25;1.225
20;14 87;VÄNERSBORG;VÄSTRA TUNHEMS FÖRSAMLING;35.165;33.94;22.21;11.48;0.25;1.225
20;14 88;TROLLHÄTTAN;FORS-ROMMELE FÖRSAMLING;35.215;34.09;22.36;11.48;0.25;1.125
20;14 88;TROLLHÄTTAN;GÄRDHEMS FÖRSAMLING;35.315;34.09;22.36;11.48;0.25;1.225
20;14 88;TROLLHÄTTAN;GÖTALUNDENS FÖRSAMLING;35.125;34.09;22.36;11.48;0.25;1.035
20;14 88;TROLLHÄTTAN;LEXTORPS FÖRSAMLING;35.125;34.09;22.36;11.48;0.25;1.035
20;14 88;TROLLHÄTTAN;TROLLHÄTTANS FÖRSAMLING;35.125;34.09;22.36;11.48;0.25;1.035
20;14 88;TROLLHÄTTAN;UPPHÄRADS FÖRSAMLING;35.215;34.09;22.36;11.48;0.25;1.125
20;14 88;TROLLHÄTTAN;ÅSAKA-BJÖRKE FÖRSAMLING;35.315;34.09;22.36;11.48;0.25;1.225
20;14 89;ALINGSÅS;ALINGSÅS FÖRSAMLING;34.205;33.09;21.36;11.48;0.25;1.115
20;14 89;ALINGSÅS;BJÄRKE FÖRSAMLING;34.655;33.09;21.36;11.48;0.25;1.565
20;14 89;ALINGSÅS;HEMSJÖ FÖRSAMLING;34.205;33.09;21.36;11.48;0.25;1.115
20;14 89;ALINGSÅS;ÖDENÄS FÖRSAMLING;34.205;33.09;21.36;11.48;0.25;1.115
20;14 90;BORÅS;BORÅS CAROLI FÖRSAMLING;34.035;33.04;21.31;11.48;0.25;0.995
20;14 90;BORÅS;BORÅS GUSTAV ADOLFS FÖRSAMLING;34.035;33.04;21.31;11.48;0.25;0.995
20;14 90;BORÅS;BRÄMHULTS FÖRSAMLING;34.035;33.04;21.31;11.48;0.25;0.995
20;14 90;BORÅS;FRISTADS FÖRSAMLING;34.245;33.04;21.31;11.48;0.25;1.205
20;14 90;BORÅS;KINNARUMMA FÖRSAMLING;34.345;33.04;21.31;11.48;0.25;1.305
20;14 90;BORÅS;SANDHULT-BREDAREDS FÖRSAMLING;34.185;33.04;21.31;11.48;0.25;1.145
20;14 90;BORÅS;SEGLORA FÖRSAMLING;34.345;33.04;21.31;11.48;0.25;1.305
20;14 90;BORÅS;TOARPS FÖRSAMLING;34.455;33.04;21.31;11.48;0.25;1.415
20;14 91;ULRICEHAMN;HÄLLSTADS FÖRSAMLING;34.085;32.78;21.05;11.48;0.25;1.305
20;14 91;ULRICEHAMN;HÖSSNA FÖRSAMLING;34.075;32.78;21.05;11.48;0.25;1.295
20;14 91;ULRICEHAMN;REDVÄGS FÖRSAMLING;34.275;32.78;21.05;11.48;0.25;1.495
20;14 91;ULRICEHAMN;SÖDRA VINGS FÖRSAMLING;34.085;32.78;21.05;11.48;0.25;1.305
20;14 91;ULRICEHAMN;TIMMELE FÖRSAMLING;34.075;32.78;21.05;11.48;0.25;1.295
20;14 91;ULRICEHAMN;ULRICEHAMNS FÖRSAMLING;34.075;32.78;21.05;11.48;0.25;1.295
20;14 91;ULRICEHAMN;ÅSUNDENS FÖRSAMLING;34.075;32.78;21.05;11.48;0.25;1.295
20;14 92;ÅMÅL;ÅMÅLS FÖRSAMLING;35.465;34.19;22.46;11.48;0.25;1.275
20;14 93;MARIESTAD;LUGNÅS FÖRSAMLING;34.345;32.99;21.26;11.48;0.25;1.355
20;14 93;MARIESTAD;LYRESTADS FÖRSAMLING;34.325;32.99;21.26;11.48;0.25;1.335
20;14 93;MARIESTAD;MARIESTADS FÖRSAMLING;34.045;32.99;21.26;11.48;0.25;1.055
20;14 93;MARIESTAD;ULLERVADS FÖRSAMLING;34.345;32.99;21.26;11.48;0.25;1.355
20;14 94;LIDKÖPING;JÄRPÅS FÖRSAMLING;34.575;32.99;21.26;11.48;0.25;1.585
20;14 94;LIDKÖPING;KÅLLANDS-RÅDA FÖRSAMLING;34.575;32.99;21.26;11.48;0.25;1.585
20;14 94;LIDKÖPING;LIDKÖPINGS FÖRSAMLING;34.105;32.99;21.26;11.48;0.25;1.115
20;14 94;LIDKÖPING;SUNNERSBERGS FÖRSAMLING;34.295;32.99;21.26;11.48;0.25;1.305
20;14 94;LIDKÖPING;SÄVARE FÖRSAMLING;34.365;32.99;21.26;11.48;0.25;1.375
20;14 94;LIDKÖPING;ÖRSLÖSA FÖRSAMLING;34.575;32.99;21.26;11.48;0.25;1.585
20;14 95;SKARA;ARDALA FÖRSAMLING;34.495;33.23;21.50;11.48;0.25;1.265
20;14 95;SKARA;SKARA DOMKYRKOFÖRSAMLING;34.495;33.23;21.50;11.48;0.25;1.265
20;14 95;SKARA;VALLE FÖRSAMLING;34.495;33.23;21.50;11.48;0.25;1.265
20;14 96;SKÖVDE;BERGS FÖRSAMLING;34.695;33.34;21.61;11.48;0.25;1.355
20;14 96;SKÖVDE;FRÖSVE FÖRSAMLING;34.695;33.34;21.61;11.48;0.25;1.355
20;14 96;SKÖVDE;GÖTLUNDA FÖRSAMLING;34.695;33.34;21.61;11.48;0.25;1.355
20;14 96;SKÖVDE;SKULTORPS FÖRSAMLING;34.515;33.34;21.61;11.48;0.25;1.175
20;14 96;SKÖVDE;SKÖVDE FÖRSAMLING;34.515;33.34;21.61;11.48;0.25;1.175
20;14 96;SKÖVDE;SVENTORP-FORSBY FÖRSAMLING;34.735;33.34;21.61;11.48;0.25;1.395
20;14 96;SKÖVDE;VÄRINGS FÖRSAMLING;34.695;33.34;21.61;11.48;0.25;1.355
20;14 96;SKÖVDE;VÄRSÅS-VAROLA-VRETENS FÖRSAMLING;34.735;33.34;21.61;11.48;0.25;1.395
20;14 97;HJO;FÅGELÅS FÖRSAMLING;34.305;33.30;21.57;11.48;0.25;1.005
20;14 97;HJO;HJO FÖRSAMLING;34.305;33.30;21.57;11.48;0.25;1.005
20;14 97;HJO;KORSBERGA-FRIDENE FÖRSAMLING;34.305;33.30;21.57;11.48;0.25;1.005
20;14 97;HJO;MOFALLA FÖRSAMLING;34.305;33.30;21.57;11.48;0.25;1.005
20;14 98;TIDAHOLM;FRÖJEREDS FÖRSAMLING;35.185;33.80;22.07;11.48;0.25;1.385
20;14 98;TIDAHOLM;HÖKENSÅS FÖRSAMLING;35.185;33.80;22.07;11.48;0.25;1.385
20;14 98;TIDAHOLM;TIDAHOLMS FÖRSAMLING;35.185;33.80;22.07;11.48;0.25;1.385
20;14 98;TIDAHOLM;VALSTADS FÖRSAMLING;35.185;33.80;22.07;11.48;0.25;1.385
20;14 98;TIDAHOLM;VARVS FÖRSAMLING;35.185;33.80;22.07;11.48;0.25;1.385
20;14 99;FALKÖPING;DALA-BORGUNDA-HÖGSTENA FÖRSAMLING;35.335;33.68;21.95;11.48;0.25;1.655
20;14 99;FALKÖPING;FALKÖPINGS FÖRSAMLING;34.975;33.68;21.95;11.48;0.25;1.295
20;14 99;FALKÖPING;FLOBY FÖRSAMLING;35.355;33.68;21.95;11.48;0.25;1.675
20;14 99;FALKÖPING;GUDHEMS FÖRSAMLING;35.335;33.68;21.95;11.48;0.25;1.655
20;14 99;FALKÖPING;HORNBORGA FÖRSAMLING;35.335;33.68;21.95;11.48;0.25;1.655
20;14 99;FALKÖPING;KINNEVEDS FÖRSAMLING;35.355;33.68;21.95;11.48;0.25;1.675
20;14 99;FALKÖPING;MÖSSEBERGS FÖRSAMLING;34.975;33.68;21.95;11.48;0.25;1.295
20;14 99;FALKÖPING;SLÖTA-KARLEBY FÖRSAMLING;34.975;33.68;21.95;11.48;0.25;1.295
20;14 99;FALKÖPING;STENSTORPS FÖRSAMLING;35.335;33.68;21.95;11.48;0.25;1.655
20;14 99;FALKÖPING;YLLESTADS FÖRSAMLING;34.975;33.68;21.95;11.48;0.25;1.295
20;14 99;FALKÖPING;ÅSARPS FÖRSAMLING;35.355;33.68;21.95;11.48;0.25;1.675
20;14 99;FALKÖPING;ÅSLEBYGDENS FÖRSAMLING;34.975;33.68;21.95;11.48;0.25;1.295
20;17 15;KIL;BODA FÖRSAMLING;34.915;33.80;21.87;11.68;0.25;1.115
20;17 15;KIL;FRYKERUDS FÖRSAMLING;34.915;33.80;21.87;11.68;0.25;1.115
20;17 15;KIL;STORA KILS FÖRSAMLING;34.915;33.80;21.87;11.68;0.25;1.115
20;17 30;EDA;EDA FÖRSAMLING;35.525;34.20;22.27;11.68;0.25;1.325
20;17 30;EDA;JÄRNSKOG-SKILLINGMARKS FÖRSAMLING;35.525;34.20;22.27;11.68;0.25;1.325
20;17 30;EDA;KÖLA FÖRSAMLING;35.525;34.20;22.27;11.68;0.25;1.325
20;17 37;TORSBY;FRYKSÄNDE FÖRSAMLING;35.215;33.95;22.02;11.68;0.25;1.265
20;17 37;TORSBY;LEKVATTNETS FÖRSAMLING;35.215;33.95;22.02;11.68;0.25;1.265
20;17 37;TORSBY;VITSANDS FÖRSAMLING;35.215;33.95;22.02;11.68;0.25;1.265
20;17 37;TORSBY;ÖSTMARKS FÖRSAMLING;35.215;33.95;22.02;11.68;0.25;1.265
20;17 37;TORSBY;ÖVRE ÄLVDALS FÖRSAMLING;35.34;33.95;22.02;11.68;0.25;1.39
20;17 60;STORFORS;STORFORS FÖRSAMLING;35.965;34.63;22.70;11.68;0.25;1.335
20;17 61;HAMMARÖ;HAMMARÖ FÖRSAMLING;35.875;35.05;23.12;11.68;0.25;0.825
20;17 62;MUNKFORS;FORSHAGA-MUNKFORS FÖRSAMLING;35.055;33.95;22.02;11.68;0.25;1.105
20;17 63;FORSHAGA;FORSHAGA-MUNKFORS FÖRSAMLING;34.905;33.80;21.87;11.68;0.25;1.105
20;17 64;GRUMS;ED-BORGVIKS FÖRSAMLING;35.725;34.43;22.50;11.68;0.25;1.295
20;17 64;GRUMS;GRUMS FÖRSAMLING;35.725;34.43;22.50;11.68;0.25;1.295
20;17 64;GRUMS;VÄRMSKOGS FÖRSAMLING;35.725;34.43;22.50;11.68;0.25;1.295
20;17 65;ÅRJÄNG;BLOMSKOGS FÖRSAMLING;35.57;33.90;21.97;11.68;0.25;1.67
20;17 65;ÅRJÄNG;HOLMEDAL-KARLANDA FÖRSAMLING;35.57;33.90;21.97;11.68;0.25;1.67
20;17 65;ÅRJÄNG;SILBODALS FÖRSAMLING;35.57;33.90;21.97;11.68;0.25;1.67
20;17 65;ÅRJÄNG;SILLERUDS FÖRSAMLING;35.57;33.90;21.97;11.68;0.25;1.67
20;17 65;ÅRJÄNG;TRANKILS FÖRSAMLING;35.57;33.90;21.97;11.68;0.25;1.67
20;17 65;ÅRJÄNG;TÖCKSMARKS FÖRSAMLING;35.57;33.90;21.97;11.68;0.25;1.67
20;17 65;ÅRJÄNG;VÄSTRA FÅGELVIKS FÖRSAMLING;35.57;33.90;21.97;11.68;0.25;1.67
20;17 65;ÅRJÄNG;ÖSTERVALLSKOGS FÖRSAMLING;35.57;33.90;21.97;11.68;0.25;1.67
20;17 66;SUNNE;GRÄSMARKS FÖRSAMLING;34.885;33.60;21.67;11.68;0.25;1.285
20;17 66;SUNNE;LYSVIKS FÖRSAMLING;34.995;33.60;21.67;11.68;0.25;1.395
20;17 66;SUNNE;SUNNE FÖRSAMLING;34.885;33.60;21.67;11.68;0.25;1.285
20;17 66;SUNNE;VÄSTRA ÄMTERVIKS FÖRSAMLING;34.885;33.60;21.67;11.68;0.25;1.285
20;17 66;SUNNE;ÖSTRA ÄMTERVIKS FÖRSAMLING;34.885;33.60;21.67;11.68;0.25;1.285
20;17 80;KARLSTAD;ALSTER-NYEDSBYGDENS FÖRSAMLING;34.19;33.20;21.27;11.68;0.25;0.99
20;17 80;KARLSTAD;GRAVA FÖRSAMLING;34.115;33.20;21.27;11.68;0.25;0.915
20;17 80;KARLSTAD;KARLSTADS DOMKYRKOFÖRSAMLING;34.19;33.20;21.27;11.68;0.25;0.99
20;17 80;KARLSTAD;NORRSTRANDS FÖRSAMLING;34.19;33.20;21.27;11.68;0.25;0.99
20;17 80;KARLSTAD;NOR-SEGERSTADS FÖRSAMLING;34.265;33.20;21.27;11.68;0.25;1.065
20;17 80;KARLSTAD;VÄSE-FÅGELVIKS FÖRSAMLING;34.19;33.20;21.27;11.68;0.25;0.99
20;17 80;KARLSTAD;VÄSTERSTRANDS FÖRSAMLING;34.19;33.20;21.27;11.68;0.25;0.99
20;17 81;KRISTINEHAMN;KRISTINEHAMNS FÖRSAMLING;35.075;33.90;21.97;11.68;0.25;1.175
20;17 81;KRISTINEHAMN;RUDSKOGA FÖRSAMLING;35.075;33.90;21.97;11.68;0.25;1.175
20;17 81;KRISTINEHAMN;VISNUMS FÖRSAMLING;35.075;33.90;21.97;11.68;0.25;1.175
20;17 81;KRISTINEHAMN;VISNUMS-KILS FÖRSAMLING;35.075;33.90;21.97;11.68;0.25;1.175
20;17 81;KRISTINEHAMN;ÖLME FÖRSAMLING;35.075;33.90;21.97;11.68;0.25;1.175
20;17 82;FILIPSTAD;FILIPSTADS FÖRSAMLING;34.815;33.45;21.52;11.68;0.25;1.365
20;17 83;HAGFORS;EKSHÄRADS FÖRSAMLING;35.125;33.95;22.02;11.68;0.25;1.175
20;17 83;HAGFORS;HAGFORS-GUSTAV ADOLFS FÖRSAMLING;35.155;33.95;22.02;11.68;0.25;1.205
20;17 83;HAGFORS;NORRA RÅDA-SUNNEMO FÖRSAMLING;35.155;33.95;22.02;11.68;0.25;1.205
20;17 84;ARVIKA;ARVIKA VÄSTRA FÖRSAMLING;34.235;32.95;21.02;11.68;0.25;1.285
20;17 84;ARVIKA;ARVIKA ÖSTRA FÖRSAMLING;34.235;32.95;21.02;11.68;0.25;1.285
20;17 84;ARVIKA;BRUNSKOGS FÖRSAMLING;34.235;32.95;21.02;11.68;0.25;1.285
20;17 84;ARVIKA;GLAVA FÖRSAMLING;34.235;32.95;21.02;11.68;0.25;1.285
20;17 84;ARVIKA;GUNNARSKOGS FÖRSAMLING;34.235;32.95;21.02;11.68;0.25;1.285
20;17 84;ARVIKA;MANGSKOGS FÖRSAMLING;34.235;32.95;21.02;11.68;0.25;1.285
20;17 84;ARVIKA;NY FÖRSAMLING;34.235;32.95;21.02;11.68;0.25;1.285
20;17 84;ARVIKA;STAVNÄS-HÖGERUDS FÖRSAMLING;34.235;32.95;21.02;11.68;0.25;1.285
20;17 84;ARVIKA;ÄLGÅ FÖRSAMLING;34.235;32.95;21.02;11.68;0.25;1.285
20;17 85;SÄFFLE;BRO FÖRSAMLING;34.735;33.45;21.52;11.68;0.25;1.285
20;17 85;SÄFFLE;GILLBERGA FÖRSAMLING;34.735;33.45;21.52;11.68;0.25;1.285
20;17 85;SÄFFLE;KILA FÖRSAMLING;34.735;33.45;21.52;11.68;0.25;1.285
20;17 85;SÄFFLE;LÅNGSERUDS FÖRSAMLING;34.735;33.45;21.52;11.68;0.25;1.285
20;17 85;SÄFFLE;NY-HUGGENÄS FÖRSAMLING;34.735;33.45;21.52;11.68;0.25;1.285
20;17 85;SÄFFLE;SVANSKOGS FÖRSAMLING;34.735;33.45;21.52;11.68;0.25;1.285
20;17 85;SÄFFLE;SÄFFLE FÖRSAMLING;34.735;33.45;21.52;11.68;0.25;1.285
20;17 85;SÄFFLE;SÖDRA VÄRMLANDSNÄS FÖRSAMLING;34.735;33.45;21.52;11.68;0.25;1.285
20;17 85;SÄFFLE;TVETA FÖRSAMLING;34.735;33.45;21.52;11.68;0.25;1.285
20;18 14;LEKEBERG;EDSBERGS FÖRSAMLING;35.13;34.23;22.43;11.55;0.25;0.90
20;18 14;LEKEBERG;KNISTA FÖRSAMLING;35.57;34.23;22.43;11.55;0.25;1.34
20;18 60;LAXÅ;FINNERÖDJA-TIVEDS FÖRSAMLING;35.36;33.98;22.18;11.55;0.25;1.38
20;18 60;LAXÅ;RAMUNDEBODA FÖRSAMLING;35.36;33.98;22.18;11.55;0.25;1.38
20;18 60;LAXÅ;SKAGERSHULTS FÖRSAMLING;35.36;33.98;22.18;11.55;0.25;1.38
20;18 61;HALLSBERG;HALLSBERGS FÖRSAMLING;34.36;33.35;21.55;11.55;0.25;1.01
20;18 61;HALLSBERG;SKÖLLERSTA FÖRSAMLING;34.59;33.35;21.55;11.55;0.25;1.24
20;18 61;HALLSBERG;VIBY FÖRSAMLING;34.56;33.35;21.55;11.55;0.25;1.21
20;18 62;DEGERFORS;DEGERFORS-NYSUNDS FÖRSAMLING;35.025;34.10;22.30;11.55;0.25;0.925
20;18 63;HÄLLEFORS;GRYTHYTTANS FÖRSAMLING;35.23;33.85;22.05;11.55;0.25;1.38
20;18 63;HÄLLEFORS;HÄLLEFORS-HJULSJÖ FÖRSAMLING;35.23;33.85;22.05;11.55;0.25;1.38
20;18 64;LJUSNARSBERG;LJUSNARSBERGS FÖRSAMLING;34.11;32.82;21.02;11.55;0.25;1.29
20;18 80;ÖREBRO;ADOLFSBERGS FÖRSAMLING;34.05;33.15;21.35;11.55;0.25;0.90
20;18 80;ÖREBRO;ALMBY FÖRSAMLING;34.05;33.15;21.35;11.55;0.25;0.90
20;18 80;ÖREBRO;ASKERS FÖRSAMLING;34.49;33.15;21.35;11.55;0.25;1.34
20;18 80;ÖREBRO;AXBERGS FÖRSAMLING;34.20;33.15;21.35;11.55;0.25;1.05
20;18 80;ÖREBRO;GLANSHAMMARS FÖRSAMLING;34.20;33.15;21.35;11.55;0.25;1.05
20;18 80;ÖREBRO;KVISMARE FÖRSAMLING;34.37;33.15;21.35;11.55;0.25;1.22
20;18 80;ÖREBRO;LÄNGBRO FÖRSAMLING;34.05;33.15;21.35;11.55;0.25;0.90
20;18 80;ÖREBRO;LÄNNÄS FÖRSAMLING;34.49;33.15;21.35;11.55;0.25;1.34
20;18 80;ÖREBRO;MIKAELS FÖRSAMLING;34.05;33.15;21.35;11.55;0.25;0.90
20;18 80;ÖREBRO;MOSJÖ-TÄBY FÖRSAMLING;34.05;33.15;21.35;11.55;0.25;0.90
20;18 80;ÖREBRO;TYSSLINGE FÖRSAMLING;34.26;33.15;21.35;11.55;0.25;1.11
20;18 80;ÖREBRO;ÖREBRO NIKOLAI FÖRSAMLING;34.05;33.15;21.35;11.55;0.25;0.90
20;18 80;ÖREBRO;ÖREBRO OLAUS PETRI FÖRSAMLING;34.05;33.15;21.35;11.55;0.25;0.90
20;18 81;KUMLA;EKEBY FÖRSAMLING;34.42;33.40;21.60;11.55;0.25;1.02
20;18 81;KUMLA;HARDEMO FÖRSAMLING;34.42;33.40;21.60;11.55;0.25;1.02
20;18 81;KUMLA;KUMLA FÖRSAMLING;34.42;33.40;21.60;11.55;0.25;1.02
20;18 82;ASKERSUND;ASKERSUND-HAMMARS FÖRSAMLING;34.84;33.75;21.95;11.55;0.25;1.09
20;18 82;ASKERSUND;LERBÄCKS FÖRSAMLING;34.99;33.75;21.95;11.55;0.25;1.24
20;18 82;ASKERSUND;SNAVLUNDA FÖRSAMLING;34.99;33.75;21.95;11.55;0.25;1.24
20;18 83;KARLSKOGA;KARLSKOGA FÖRSAMLING;34.725;33.80;22.00;11.55;0.25;0.925
20;18 84;NORA;NORA BERGSLAGSFÖRSAMLING;35.46;34.05;22.25;11.55;0.25;1.41
20;18 85;LINDESBERG;FELLINGSBRO FÖRSAMLING;35.41;34.10;22.30;11.55;0.25;1.31
20;18 85;LINDESBERG;LINDE BERGSLAGS FÖRSAMLING;35.38;34.10;22.30;11.55;0.25;1.28
20;18 85;LINDESBERG;NÄSBY FÖRSAMLING;35.41;34.10;22.30;11.55;0.25;1.31
20;19 04;SKINNSKATTEBERG;SKINNSKATTEBERG MED HED OCH GUNNILBO;34.80;33.59;22.46;10.88;0.25;1.21
20;19 07;SURAHAMMAR;SURA-RAMNÄS FÖRSAMLING;34.62;33.44;22.31;10.88;0.25;1.18
20;19 60;KUNGSÖR;KUNGSÖRS FÖRSAMLING;34.34;33.16;22.03;10.88;0.25;1.18
20;19 61;HALLSTAHAMMAR;HALLSTAHAMMAR-KOLBÄCKS FÖRSAMLING;33.96;32.94;21.81;10.88;0.25;1.02
20;19 62;NORBERG;NORBERG-KARBENNINGS FÖRSAMLING;35.16;33.79;22.66;10.88;0.25;1.37
20;19 80;VÄSTERÅS;DINGTUNA-LILLHÄRADS FÖRSAMLING;32.45;31.49;20.36;10.88;0.25;0.96
20;19 80;VÄSTERÅS;GIDEONSBERGS FÖRSAMLING;32.45;31.49;20.36;10.88;0.25;0.96
20;19 80;VÄSTERÅS;KUNGSÅRA FÖRSAMLING;32.45;31.49;20.36;10.88;0.25;0.96
20;19 80;VÄSTERÅS;NORRBO FÖRSAMLING;32.45;31.49;20.36;10.88;0.25;0.96
20;19 80;VÄSTERÅS;RYTTERNE FÖRSAMLING;32.45;31.49;20.36;10.88;0.25;0.96
20;19 80;VÄSTERÅS;SKERIKE FÖRSAMLING;32.45;31.49;20.36;10.88;0.25;0.96
20;19 80;VÄSTERÅS;TILLBERGA FÖRSAMLING;32.45;31.49;20.36;10.88;0.25;0.96
20;19 80;VÄSTERÅS;VIKSÄNGS FÖRSAMLING;32.45;31.49;20.36;10.88;0.25;0.96
20;19 80;VÄSTERÅS;VÄSTERÅS BADELUNDA FÖRSAMLING;32.45;31.49;20.36;10.88;0.25;0.96
20;19 80;VÄSTERÅS;VÄSTERÅS DOMKYRKOFÖRSAMLING;32.45;31.49;20.36;10.88;0.25;0.96
20;19 80;VÄSTERÅS;VÄSTERÅS LUNDBY FÖRSAMLING;32.45;31.49;20.36;10.88;0.25;0.96
20;19 80;VÄSTERÅS;VÄSTERÅS-BARKARÖ FÖRSAMLING;32.45;31.49;20.36;10.88;0.25;0.96
20;19 80;VÄSTERÅS;ÖNSTA FÖRSAMLING;32.45;31.49;20.36;10.88;0.25;0.96
20;19 81;SALA;KILA FÖRSAMLING;34.86;33.44;22.31;10.88;0.25;1.42
20;19 81;SALA;KUMLA FÖRSAMLING;34.86;33.44;22.31;10.88;0.25;1.42
20;19 81;SALA;MÖKLINTA FÖRSAMLING;34.42;33.44;22.31;10.88;0.25;0.98
20;19 81;SALA;NORRBY FÖRSAMLING;34.42;33.44;22.31;10.88;0.25;0.98
20;19 81;SALA;SALA FÖRSAMLING;34.42;33.44;22.31;10.88;0.25;0.98
20;19 81;SALA;TÄRNA FÖRSAMLING;34.86;33.44;22.31;10.88;0.25;1.42
20;19 81;SALA;VÄSTERFÄRNEBO-FLÄCKEBO FÖRSAMLING;34.93;33.44;22.31;10.88;0.25;1.49
20;19 82;FAGERSTA;VÄSTANFORS-VÄSTERVÅLA FÖRSAMLING;34.45;33.24;22.11;10.88;0.25;1.21
20;19 83;KÖPING;KÖPINGSBYGDENS FÖRSAMLING;34.34;33.29;22.16;10.88;0.25;1.05
20;19 83;KÖPING;MALMA FÖRSAMLING;34.34;33.29;22.16;10.88;0.25;1.05
20;19 84;ARBOGA;ARBOGABYGDENS FÖRSAMLING;34.85;33.54;22.41;10.88;0.25;1.31
20;20 21;VANSBRO;JÄRNA MED NÅS OCH ÄPPELBO FÖRSAMLING;35.49;34.18;22.30;11.63;0.25;1.31
20;20 23;MALUNG-SÄLEN;LIMA-TRANSTRANDS FÖRSAMLING;35.79;34.45;22.57;11.63;0.25;1.34
20;20 23;MALUNG-SÄLEN;MALUNGS FÖRSAMLING;35.66;34.45;22.57;11.63;0.25;1.21
20;20 26;GAGNEF;FLODA FÖRSAMLING;35.65;34.42;22.54;11.63;0.25;1.23
20;20 26;GAGNEF;GAGNEFS FÖRSAMLING;35.65;34.42;22.54;11.63;0.25;1.23
20;20 26;GAGNEF;MOCKFJÄRDS FÖRSAMLING;35.65;34.42;22.54;11.63;0.25;1.23
20;20 29;LEKSAND;DJURA FÖRSAMLING;35.06;33.70;21.82;11.63;0.25;1.36
20;20 29;LEKSAND;LEKSANDS FÖRSAMLING;35.06;33.70;21.82;11.63;0.25;1.36
20;20 29;LEKSAND;SILJANSNÄS FÖRSAMLING;35.06;33.70;21.82;11.63;0.25;1.36
20;20 29;LEKSAND;ÅHLS FÖRSAMLING;35.18;33.70;21.82;11.63;0.25;1.48
20;20 31;RÄTTVIK;BODA FÖRSAMLING;35.02;33.70;21.82;11.63;0.25;1.32
20;20 31;RÄTTVIK;ORE FÖRSAMLING;35.02;33.70;21.82;11.63;0.25;1.32
20;20 31;RÄTTVIK;RÄTTVIKS FÖRSAMLING;35.02;33.70;21.82;11.63;0.25;1.32
20;20 34;ORSA;ORSA FÖRSAMLING;35.68;34.30;22.42;11.63;0.25;1.38
20;20 39;ÄLVDALEN;IDRE-SÄRNA FÖRSAMLING;36.39;34.67;22.79;11.63;0.25;1.72
20;20 39;ÄLVDALEN;ÄLVDALENS FÖRSAMLING;36.00;34.67;22.79;11.63;0.25;1.33
20;20 61;SMEDJEBACKEN;NORRBÄRKE FÖRSAMLING;35.56;34.34;22.46;11.63;0.25;1.22
20;20 61;SMEDJEBACKEN;SÖDERBÄRKE FÖRSAMLING;35.59;34.34;22.46;11.63;0.25;1.25
20;20 62;MORA;MORA FÖRSAMLING;35.35;34.22;22.34;11.63;0.25;1.13
20;20 80;FALUN;ASPEBODA FÖRSAMLING;34.96;33.95;22.07;11.63;0.25;1.01
20;20 80;FALUN;BJURSÅS FÖRSAMLING;35.18;33.95;22.07;11.63;0.25;1.23
20;20 80;FALUN;ENVIKENS FÖRSAMLING;35.25;33.95;22.07;11.63;0.25;1.30
20;20 80;FALUN;FALU KRISTINE FÖRSAMLING;34.96;33.95;22.07;11.63;0.25;1.01
20;20 80;FALUN;GRYCKSBO FÖRSAMLING;34.96;33.95;22.07;11.63;0.25;1.01
20;20 80;FALUN;STORA KOPPARBERGS FÖRSAMLING;34.96;33.95;22.07;11.63;0.25;1.01
20;20 80;FALUN;SUNDBORNS FÖRSAMLING;35.25;33.95;22.07;11.63;0.25;1.30
20;20 80;FALUN;SVÄRDSJÖ FÖRSAMLING;35.25;33.95;22.07;11.63;0.25;1.30
20;20 80;FALUN;VIKA-HOSJÖ FÖRSAMLING;34.96;33.95;22.07;11.63;0.25;1.01
20;20 81;BORLÄNGE;STORA TUNA FÖRSAMLING;35.18;34.30;22.42;11.63;0.25;0.88
20;20 81;BORLÄNGE;TORSÅNGS FÖRSAMLING;35.18;34.30;22.42;11.63;0.25;0.88
20;20 82;SÄTER;SÄTERBYGDENS FÖRSAMLING;35.50;34.20;22.32;11.63;0.25;1.30
20;20 83;HEDEMORA;HEDEMORA, HUSBY OCH GARPENBERGS FÖRS;35.40;34.05;22.17;11.63;0.25;1.35
20;20 84;AVESTA;AVESTA FÖRSAMLING;35.02;33.85;21.97;11.63;0.25;1.17
20;20 84;AVESTA;BY FÖRSAMLING;35.13;33.85;21.97;11.63;0.25;1.28
20;20 84;AVESTA;FOLKÄRNA FÖRSAMLING;35.13;33.85;21.97;11.63;0.25;1.28
20;20 84;AVESTA;GRYTNÄS FÖRSAMLING;35.02;33.85;21.97;11.63;0.25;1.17
20;20 85;LUDVIKA;GRÄNGE-SÄFSNÄS FÖRSAMLING;35.21;33.95;22.07;11.63;0.25;1.26
20;20 85;LUDVIKA;LUDVIKA FÖRSAMLING;35.00;33.95;22.07;11.63;0.25;1.05
20;21 01;OCKELBO;OCKELBO FÖRSAMLING;35.73;34.52;22.76;11.51;0.25;1.21
20;21 04;HOFORS;HOFORS FÖRSAMLING;35.77;34.62;22.86;11.51;0.25;1.15
20;21 04;HOFORS;TORSÅKERS FÖRSAMLING;35.95;34.62;22.86;11.51;0.25;1.33
20;21 21;OVANÅKER;ALFTA-OVANÅKERS FÖRSAMLING;34.83;33.62;21.86;11.51;0.25;1.21
20;21 32;NORDANSTIG;BERGSJÖ FÖRSAMLING;35.53;34.27;22.51;11.51;0.25;1.26
20;21 32;NORDANSTIG;NORDANSTIGSKUSTENS FÖRSAMLING;35.56;34.27;22.51;11.51;0.25;1.29
20;21 61;LJUSDAL;FÄRILA-KÅRBÖLE FÖRSAMLING;35.23;34.12;22.36;11.51;0.25;1.11
20;21 61;LJUSDAL;JÄRVSÖ FÖRSAMLING;35.23;34.12;22.36;11.51;0.25;1.11
20;21 61;LJUSDAL;LJUSDAL-RAMSJÖ FÖRSAMLING;35.23;34.12;22.36;11.51;0.25;1.11
20;21 61;LJUSDAL;LOS-HAMRA FÖRSAMLING;35.23;34.12;22.36;11.51;0.25;1.11
20;21 80;GÄVLE;BOMHUS FÖRSAMLING;34.99;34.02;22.26;11.51;0.25;0.97
20;21 80;GÄVLE;GÄVLE HELIGA TREFALDIGHETS FÖRSAMLIN;34.99;34.02;22.26;11.51;0.25;0.97
20;21 80;GÄVLE;GÄVLE MARIA FÖRSAMLING;34.99;34.02;22.26;11.51;0.25;0.97
20;21 80;GÄVLE;GÄVLE STAFFANS FÖRSAMLING;34.99;34.02;22.26;11.51;0.25;0.97
20;21 80;GÄVLE;HAMRÅNGE FÖRSAMLING;35.131;34.02;22.26;11.51;0.25;1.111
20;21 80;GÄVLE;HEDESUNDA FÖRSAMLING;34.92;34.02;22.26;11.51;0.25;0.90
20;21 80;GÄVLE;HILLE FÖRSAMLING;35.131;34.02;22.26;11.51;0.25;1.111
20;21 80;GÄVLE;VALBO FÖRSAMLING;34.92;34.02;22.26;11.51;0.25;0.90
20;21 81;SANDVIKEN;JÄRBO FÖRSAMLING;34.56;33.37;21.61;11.51;0.25;1.19
20;21 81;SANDVIKEN;OVANSJÖ FÖRSAMLING;34.56;33.37;21.61;11.51;0.25;1.19
20;21 81;SANDVIKEN;SANDVIKENS FÖRSAMLING;34.50;33.37;21.61;11.51;0.25;1.13
20;21 81;SANDVIKEN;ÅRSUNDA-ÖSTERFÄRNEBO FÖRSAMLING;34.50;33.37;21.61;11.51;0.25;1.13
20;21 82;SÖDERHAMN;LJUSNE FÖRSAMLING;34.58;33.42;21.66;11.51;0.25;1.16
20;21 82;SÖDERHAMN;MO-BERGVIKS FÖRSAMLING;34.58;33.42;21.66;11.51;0.25;1.16
20;21 82;SÖDERHAMN;NORRALA-TRÖNÖ FÖRSAMLING;34.37;33.42;21.66;11.51;0.25;0.95
20;21 82;SÖDERHAMN;SKOGS FÖRSAMLING;34.58;33.42;21.66;11.51;0.25;1.16
20;21 82;SÖDERHAMN;SÖDERALA FÖRSAMLING;34.58;33.42;21.66;11.51;0.25;1.16
20;21 82;SÖDERHAMN;SÖDERHAMN-SANDARNE FÖRSAMLING;34.51;33.42;21.66;11.51;0.25;1.09
20;21 83;BOLLNÄS;ARBRÅ-UNDERSVIKS FÖRSAMLING;34.64;33.62;21.86;11.51;0.25;1.02
20;21 83;BOLLNÄS;BOLLNÄS FÖRSAMLING;34.64;33.62;21.86;11.51;0.25;1.02
20;21 83;BOLLNÄS;HANEBO-SEGERSTA FÖRSAMLING;34.64;33.62;21.86;11.51;0.25;1.02
20;21 83;BOLLNÄS;RENGSJÖ FÖRSAMLING;34.64;33.62;21.86;11.51;0.25;1.02
20;21 84;HUDIKSVALL;BJURÅKER-NORRBO FÖRSAMLING;34.528;33.37;21.61;11.51;0.25;1.158
20;21 84;HUDIKSVALL;DELSBO FÖRSAMLING;34.528;33.37;21.61;11.51;0.25;1.158
20;21 84;HUDIKSVALL;ENÅNGER-NJUTÅNGERS FÖRSAMLING;34.52;33.37;21.61;11.51;0.25;1.15
20;21 84;HUDIKSVALL;FORSA-HÖGS FÖRSAMLING;34.40;33.37;21.61;11.51;0.25;1.03
20;21 84;HUDIKSVALL;HUDIKSVALLSBYGDENS FÖRSAMLING;34.303;33.37;21.61;11.51;0.25;0.933
20;22 60;ÅNGE;BORGSJÖ-HAVERÖ FÖRSAMLING;36.52;34.87;23.33;11.29;0.25;1.65
20;22 60;ÅNGE;TORPS FÖRSAMLING;36.44;34.87;23.33;11.29;0.25;1.57
20;22 62;TIMRÅ;HÄSSJÖ FÖRSAMLING;36.53;35.13;23.59;11.29;0.25;1.40
20;22 62;TIMRÅ;LJUSTORPS FÖRSAMLING;36.53;35.13;23.59;11.29;0.25;1.40
20;22 62;TIMRÅ;TIMRÅ FÖRSAMLING;36.45;35.13;23.59;11.29;0.25;1.32
20;22 62;TIMRÅ;TYNDERÖ FÖRSAMLING;36.53;35.13;23.59;11.29;0.25;1.40
20;22 80;HÄRNÖSAND;HEMSÖ FÖRSAMLING;36.35;34.88;23.34;11.29;0.25;1.47
20;22 80;HÄRNÖSAND;HÄGGDÅNGERS FÖRSAMLING;36.35;34.88;23.34;11.29;0.25;1.47
20;22 80;HÄRNÖSAND;HÄRNÖSANDS DOMKYRKOFÖRSAMLING;36.35;34.88;23.34;11.29;0.25;1.47
20;22 80;HÄRNÖSAND;HÖGSJÖ FÖRSAMLING;36.35;34.88;23.34;11.29;0.25;1.47
20;22 80;HÄRNÖSAND;STIGSJÖ FÖRSAMLING;36.35;34.88;23.34;11.29;0.25;1.47
20;22 80;HÄRNÖSAND;SÄBRÅ FÖRSAMLING;36.35;34.88;23.34;11.29;0.25;1.47
20;22 80;HÄRNÖSAND;VIKSJÖ FÖRSAMLING;36.35;34.88;23.34;11.29;0.25;1.47
20;22 81;SUNDSVALL;ALNÖ FÖRSAMLING;35.18;34.13;22.59;11.29;0.25;1.05
20;22 81;SUNDSVALL;HOLMS FÖRSAMLING;35.58;34.13;22.59;11.29;0.25;1.45
20;22 81;SUNDSVALL;INDALS FÖRSAMLING;35.58;34.13;22.59;11.29;0.25;1.45
20;22 81;SUNDSVALL;LIDENS FÖRSAMLING;35.58;34.13;22.59;11.29;0.25;1.45
20;22 81;SUNDSVALL;NJURUNDA FÖRSAMLING;35.33;34.13;22.59;11.29;0.25;1.20
20;22 81;SUNDSVALL;SELÅNGERS FÖRSAMLING;35.48;34.13;22.59;11.29;0.25;1.35
20;22 81;SUNDSVALL;SKÖNS FÖRSAMLING;35.13;34.13;22.59;11.29;0.25;1.00
20;22 81;SUNDSVALL;STÖDE FÖRSAMLING;35.35;34.13;22.59;11.29;0.25;1.22
20;22 81;SUNDSVALL;SUNDSVALLS FÖRSAMLING;35.35;34.13;22.59;11.29;0.25;1.22
20;22 81;SUNDSVALL;SÄTTNA FÖRSAMLING;35.58;34.13;22.59;11.29;0.25;1.45
20;22 81;SUNDSVALL;TUNA-ATTMARS FÖRSAMLING;35.40;34.13;22.59;11.29;0.25;1.27
20;22 82;KRAMFORS;BJÄRTRÅ FÖRSAMLING;35.98;34.68;23.14;11.29;0.25;1.30
20;22 82;KRAMFORS;DALS FÖRSAMLING;35.98;34.68;23.14;11.29;0.25;1.30
20;22 82;KRAMFORS;GUDMUNDRÅ FÖRSAMLING;35.98;34.68;23.14;11.29;0.25;1.30
20;22 82;KRAMFORS;NORA-SKOGS FÖRSAMLING;35.98;34.68;23.14;11.29;0.25;1.30
20;22 82;KRAMFORS;NORDINGRÅ FÖRSAMLING;35.98;34.68;23.14;11.29;0.25;1.30
20;22 82;KRAMFORS;STYRNÄS FÖRSAMLING;35.98;34.68;23.14;11.29;0.25;1.30
20;22 82;KRAMFORS;TORSÅKERS FÖRSAMLING;35.98;34.68;23.14;11.29;0.25;1.30
20;22 82;KRAMFORS;ULLÅNGERS FÖRSAMLING;35.98;34.68;23.14;11.29;0.25;1.30
20;22 82;KRAMFORS;VIBYGGERÅ FÖRSAMLING;35.98;34.68;23.14;11.29;0.25;1.30
20;22 82;KRAMFORS;YTTERLÄNNÄS FÖRSAMLING;35.98;34.68;23.14;11.29;0.25;1.30
20;22 83;SOLLEFTEÅ;BOTEÅ FÖRSAMLING;36.40;34.93;23.39;11.29;0.25;1.47
20;22 83;SOLLEFTEÅ;EDS FÖRSAMLING;36.10;34.93;23.39;11.29;0.25;1.17
20;22 83;SOLLEFTEÅ;GRANINGE FÖRSAMLING;36.48;34.93;23.39;11.29;0.25;1.55
20;22 83;SOLLEFTEÅ;HELGUMS FÖRSAMLING;36.48;34.93;23.39;11.29;0.25;1.55
20;22 83;SOLLEFTEÅ;JUNSELE FÖRSAMLING;36.10;34.93;23.39;11.29;0.25;1.17
20;22 83;SOLLEFTEÅ;LÅNGSELE FÖRSAMLING;36.48;34.93;23.39;11.29;0.25;1.55
20;22 83;SOLLEFTEÅ;MULTRÅ-SÅNGA FÖRSAMLING;36.40;34.93;23.39;11.29;0.25;1.47
20;22 83;SOLLEFTEÅ;RAMSELE-EDSELE FÖRSAMLING;36.22;34.93;23.39;11.29;0.25;1.29
20;22 83;SOLLEFTEÅ;RESELE FÖRSAMLING;36.10;34.93;23.39;11.29;0.25;1.17
20;22 83;SOLLEFTEÅ;SOLLEFTEÅ FÖRSAMLING;36.40;34.93;23.39;11.29;0.25;1.47
20;22 83;SOLLEFTEÅ;ÅDALS-LIDENS FÖRSAMLING;36.10;34.93;23.39;11.29;0.25;1.17
20;22 83;SOLLEFTEÅ;ÖVERLÄNNÄS FÖRSAMLING;36.40;34.93;23.39;11.29;0.25;1.47
20;22 84;ÖRNSKÖLDSVIK;ANUNDSJÖ FÖRSAMLING;35.56;33.98;22.44;11.29;0.25;1.58
20;22 84;ÖRNSKÖLDSVIK;ARNÄS FÖRSAMLING;35.43;33.98;22.44;11.29;0.25;1.45
20;22 84;ÖRNSKÖLDSVIK;BJÖRNA FÖRSAMLING;35.48;33.98;22.44;11.29;0.25;1.50
20;22 84;ÖRNSKÖLDSVIK;GIDEÅ-TREHÖRNINGSJÖ FÖRSAMLING;35.43;33.98;22.44;11.29;0.25;1.45
20;22 84;ÖRNSKÖLDSVIK;GRUNDSUNDA FÖRSAMLING;35.48;33.98;22.44;11.29;0.25;1.50
20;22 84;ÖRNSKÖLDSVIK;MO FÖRSAMLING;35.48;33.98;22.44;11.29;0.25;1.50
20;22 84;ÖRNSKÖLDSVIK;NÄTRA FÖRSAMLING;35.45;33.98;22.44;11.29;0.25;1.47
20;22 84;ÖRNSKÖLDSVIK;SIDENSJÖ FÖRSAMLING;35.45;33.98;22.44;11.29;0.25;1.47
20;22 84;ÖRNSKÖLDSVIK;SJÄLEVADS FÖRSAMLING;35.48;33.98;22.44;11.29;0.25;1.50
20;22 84;ÖRNSKÖLDSVIK;SKORPEDS FÖRSAMLING;35.56;33.98;22.44;11.29;0.25;1.58
20;22 84;ÖRNSKÖLDSVIK;ÖRNSKÖLDSVIKS FÖRSAMLING;35.35;33.98;22.44;11.29;0.25;1.37
20;23 03;RAGUNDA;BORGVATTNETS FÖRSAMLING;36.52;35.17;23.22;11.70;0.25;1.35
20;23 03;RAGUNDA;FORS FÖRSAMLING;36.47;35.17;23.22;11.70;0.25;1.30
20;23 03;RAGUNDA;RAGUNDA FÖRSAMLING;36.47;35.17;23.22;11.70;0.25;1.30
20;23 03;RAGUNDA;STUGUNS FÖRSAMLING;36.52;35.17;23.22;11.70;0.25;1.35
20;23 05;BRÄCKE;BRÄCKE-NYHEMS FÖRSAMLING;36.965;35.34;23.39;11.70;0.25;1.625
20;23 05;BRÄCKE;HÄLLESJÖ-HÅSJÖ FÖRSAMLING;36.69;35.34;23.39;11.70;0.25;1.35
20;23 05;BRÄCKE;REVSUND, SUNDSJÖ, BODSJÖ FÖRSAMLING;36.965;35.34;23.39;11.70;0.25;1.625
20;23 09;KROKOM;ALSENS FÖRSAMLING;35.532;34.12;22.17;11.70;0.25;1.412
20;23 09;KROKOM;ASPÅS FÖRSAMLING;35.532;34.12;22.17;11.70;0.25;1.412
20;23 09;KROKOM;FÖLLINGEBYGDENS FÖRSAMLING;35.532;34.12;22.17;11.70;0.25;1.412
20;23 09;KROKOM;NÄSKOTTS FÖRSAMLING;35.532;34.12;22.17;11.70;0.25;1.412
20;23 09;KROKOM;OFFERDALS FÖRSAMLING;35.532;34.12;22.17;11.70;0.25;1.412
20;23 09;KROKOM;RÖDÖNS FÖRSAMLING;35.532;34.12;22.17;11.70;0.25;1.412
20;23 09;KROKOM;ÅS FÖRSAMLING;35.532;34.12;22.17;11.70;0.25;1.412
20;23 13;STRÖMSUND;BODUMS FÖRSAMLING;36.67;35.17;23.22;11.70;0.25;1.50
20;23 13;STRÖMSUND;FJÄLLSJÖ FÖRSAMLING;36.67;35.17;23.22;11.70;0.25;1.50
20;23 13;STRÖMSUND;FROSTVIKENS FÖRSAMLING;36.67;35.17;23.22;11.70;0.25;1.50
20;23 13;STRÖMSUND;GÅXSJÖ FÖRSAMLING;36.67;35.17;23.22;11.70;0.25;1.50
20;23 13;STRÖMSUND;HAMMERDALS FÖRSAMLING;36.67;35.17;23.22;11.70;0.25;1.50
20;23 13;STRÖMSUND;STRÖM-ALANÄS FÖRSAMLING;36.67;35.17;23.22;11.70;0.25;1.50
20;23 13;STRÖMSUND;TÅSJÖ FÖRSAMLING;36.67;35.17;23.22;11.70;0.25;1.50
20;23 21;ÅRE;KALLS FÖRSAMLING;35.57;34.17;22.22;11.70;0.25;1.40
20;23 21;ÅRE;UNDERSÅKERS FÖRSAMLING;35.57;34.17;22.22;11.70;0.25;1.40
20;23 21;ÅRE;VÄSTRA STORSJÖBYGDENS FÖRSAMLING;35.57;34.17;22.22;11.70;0.25;1.40
20;23 21;ÅRE;ÅRE FÖRSAMLING;35.57;34.17;22.22;11.70;0.25;1.40
20;23 26;BERG;BERGS FÖRSAMLING;35.97;34.47;22.52;11.70;0.25;1.50
20;23 26;BERG;HACKÅS FÖRSAMLING;35.97;34.47;22.52;11.70;0.25;1.50
20;23 26;BERG;OVIKEN-MYSSJÖ FÖRSAMLING;35.97;34.47;22.52;11.70;0.25;1.50
20;23 26;BERG;RÄTAN-KLÖVSJÖ FÖRSAMLING;35.97;34.47;22.52;11.70;0.25;1.50
20;23 26;BERG;ÅSARNE FÖRSAMLING;35.97;34.47;22.52;11.70;0.25;1.50
20;23 61;HÄRJEDALEN;HEDEBYGDENS FÖRSAMLING;36.27;34.42;22.47;11.70;0.25;1.85
20;23 61;HÄRJEDALEN;SVEGSBYGDENS FÖRSAMLING;36.27;34.42;22.47;11.70;0.25;1.85
20;23 61;HÄRJEDALEN;TÄNNÄS-LJUSNEDALS FÖRSAMLING;36.27;34.42;22.47;11.70;0.25;1.85
20;23 61;HÄRJEDALEN;YTTERHOGDALS, ÖVERHOGDALS O ÄNGERSJÖ;36.27;34.42;22.47;11.70;0.25;1.85
20;23 80;ÖSTERSUND;BRUNFLO FÖRSAMLING;35.37;33.97;22.02;11.70;0.25;1.40
20;23 80;ÖSTERSUND;FRÖSÖ, SUNNE OCH NORDERÖ FÖRSAMLING;35.17;33.97;22.02;11.70;0.25;1.20
20;23 80;ÖSTERSUND;HÄGGENÅS-LIT-KYRKÅS FÖRSAMLING;35.27;33.97;22.02;11.70;0.25;1.30
20;23 80;ÖSTERSUND;LOCKNE FÖRSAMLING;35.37;33.97;22.02;11.70;0.25;1.40
20;23 80;ÖSTERSUND;MARIEBY FÖRSAMLING;35.37;33.97;22.02;11.70;0.25;1.40
20;23 80;ÖSTERSUND;NÄS FÖRSAMLING;35.37;33.97;22.02;11.70;0.25;1.40
20;23 80;ÖSTERSUND;ÖSTERSUNDS FÖRSAMLING;35.14;33.97;22.02;11.70;0.25;1.17
20;24 01;NORDMALING;NORDMALINGS FÖRSAMLING;35.95;34.85;23.25;11.35;0.25;1.10
20;24 03;BJURHOLM;BJURHOLMS FÖRSAMLING;35.76;34.75;23.15;11.35;0.25;1.01
20;24 04;VINDELN;VINDELNS FÖRSAMLING;36.42;35.20;23.60;11.35;0.25;1.22
20;24 09;ROBERTSFORS;BYGDEÅ FÖRSAMLING;35.92;34.75;23.15;11.35;0.25;1.17
20;24 17;NORSJÖ;NORSJÖ FÖRSAMLING;35.95;34.95;23.35;11.35;0.25;1.00
20;24 18;MALÅ;MALÅ FÖRSAMLING;36.30;34.95;23.35;11.35;0.25;1.35
20;24 21;STORUMAN;STENSELE FÖRSAMLING;36.15;34.70;23.10;11.35;0.25;1.45
20;24 21;STORUMAN;TÄRNA FÖRSAMLING;36.15;34.70;23.10;11.35;0.25;1.45
20;24 22;SORSELE;SORSELE FÖRSAMLING;36.55;35.20;23.60;11.35;0.25;1.35
20;24 25;DOROTEA;DOROTEA-RISBÄCKS FÖRSAMLING;36.85;35.40;23.80;11.35;0.25;1.45
20;24 60;VÄNNÄS;VÄNNÄS FÖRSAMLING;36.21;35.20;23.60;11.35;0.25;1.01
20;24 62;VILHELMINA;VILHELMINA FÖRSAMLING;36.45;35.00;23.40;11.35;0.25;1.45
20;24 63;ÅSELE;ÅSELE-FREDRIKA FÖRSAMLING;36.65;35.20;23.60;11.35;0.25;1.45
20;24 80;UMEÅ;HOLMSUNDS FÖRSAMLING;35.52;34.40;22.80;11.35;0.25;1.12
20;24 80;UMEÅ;HÖRNEFORS FÖRSAMLING;35.55;34.40;22.80;11.35;0.25;1.15
20;24 80;UMEÅ;SÄVAR-HOLMÖNS FÖRSAMLING;35.615;34.40;22.80;11.35;0.25;1.215
20;24 80;UMEÅ;TAVELSJÖ FÖRSAMLING;35.41;34.40;22.80;11.35;0.25;1.01
20;24 80;UMEÅ;TEGS FÖRSAMLING;35.41;34.40;22.80;11.35;0.25;1.01
20;24 80;UMEÅ;UMEÅ LANDSFÖRSAMLING;35.41;34.40;22.80;11.35;0.25;1.01
20;24 80;UMEÅ;UMEÅ MARIA FÖRSAMLING;35.41;34.40;22.80;11.35;0.25;1.01
20;24 80;UMEÅ;UMEÅ STADSFÖRSAMLING;35.41;34.40;22.80;11.35;0.25;1.01
20;24 80;UMEÅ;ÅLIDHEMS FÖRSAMLING;35.41;34.40;22.80;11.35;0.25;1.01
20;24 81;LYCKSELE;LYCKSELE FÖRSAMLING;36.10;34.65;23.05;11.35;0.25;1.45
20;24 82;SKELLEFTEÅ;BUREÅ FÖRSAMLING;35.45;34.20;22.60;11.35;0.25;1.25
20;24 82;SKELLEFTEÅ;BURTRÄSKS FÖRSAMLING;35.48;34.20;22.60;11.35;0.25;1.28
20;24 82;SKELLEFTEÅ;BYSKE-FÄLLFORS FÖRSAMLING;35.26;34.20;22.60;11.35;0.25;1.06
20;24 82;SKELLEFTEÅ;JÖRN-BOLIDENS FÖRSAMLING;35.26;34.20;22.60;11.35;0.25;1.06
20;24 82;SKELLEFTEÅ;KÅGEDALENS FÖRSAMLING;35.26;34.20;22.60;11.35;0.25;1.06
20;24 82;SKELLEFTEÅ;LÖVÅNGERS FÖRSAMLING;35.48;34.20;22.60;11.35;0.25;1.28
20;24 82;SKELLEFTEÅ;SKELLEFTEÅ LANDSFÖRSAMLING;35.26;34.20;22.60;11.35;0.25;1.06
20;24 82;SKELLEFTEÅ;SKELLEFTEÅ S:T OLOVS FÖRSAMLING;35.26;34.20;22.60;11.35;0.25;1.06
20;24 82;SKELLEFTEÅ;SKELLEFTEÅ S:T ÖRJANS FÖRSAMLING;35.43;34.20;22.60;11.35;0.25;1.23
20;25 05;ARVIDSJAUR;ARVIDSJAURS FÖRSAMLING;35.64;34.39;22.80;11.34;0.25;1.25
20;25 06;ARJEPLOG;ARJEPLOGS FÖRSAMLING;36.34;35.09;23.50;11.34;0.25;1.25
20;25 10;JOKKMOKK;JOKKMOKKS FÖRSAMLING;35.84;34.54;22.95;11.34;0.25;1.30
20;25 13;ÖVERKALIX;ÖVERKALIX FÖRSAMLING;35.49;34.39;22.80;11.34;0.25;1.10
20;25 14;KALIX;KALIX FÖRSAMLING;35.04;34.14;22.55;11.34;0.25;0.90
20;25 18;ÖVERTORNEÅ;ÖVERTORNEÅ FÖRSAMLING;34.54;33.34;21.75;11.34;0.25;1.20
20;25 21;PAJALA;PAJALA FÖRSAMLING;36.347;35.09;23.50;11.34;0.25;1.257
20;25 23;GÄLLIVARE;GÄLLIVARE FÖRSAMLING;34.96;34.14;22.55;11.34;0.25;0.82
20;25 23;GÄLLIVARE;MALMBERGETS FÖRSAMLING;34.96;34.14;22.55;11.34;0.25;0.82
20;25 60;ÄLVSBYN;ÄLVSBY FÖRSAMLING;35.05;34.04;22.45;11.34;0.25;1.01
20;25 80;LULEÅ;LULEÅ DOMKYRKOFÖRSAMLING;35.06;34.09;22.50;11.34;0.25;0.97
20;25 80;LULEÅ;NEDERLULEÅ FÖRSAMLING;35.02;34.09;22.50;11.34;0.25;0.93
20;25 80;LULEÅ;RÅNEÅ FÖRSAMLING;35.31;34.09;22.50;11.34;0.25;1.22
20;25 81;PITEÅ;HORTLAX FÖRSAMLING;34.86;33.84;22.25;11.34;0.25;1.02
20;25 81;PITEÅ;NORRFJÄRDENS FÖRSAMLING;34.87;33.84;22.25;11.34;0.25;1.03
20;25 81;PITEÅ;PITEÅ FÖRSAMLING;34.76;33.84;22.25;11.34;0.25;0.92
20;25 82;BODEN;EDEFORS FÖRSAMLING;35.14;34.19;22.60;11.34;0.25;0.95
20;25 82;BODEN;GUNNARSBYNS FÖRSAMLING;35.14;34.19;22.60;11.34;0.25;0.95
20;25 82;BODEN;SÄVASTS FÖRSAMLING;35.14;34.19;22.60;11.34;0.25;0.95
20;25 82;BODEN;ÖVERLULEÅ FÖRSAMLING;35.14;34.19;22.60;11.34;0.25;0.95
20;25 83;HAPARANDA;HAPARANDA FÖRSAMLING;35.02;34.09;22.50;11.34;0.25;0.93
20;25 84;KIRUNA;JUKKASJÄRVI FÖRSAMLING;35.63;34.64;23.05;11.34;0.25;0.99
20;25 84;KIRUNA;KARESUANDO FÖRSAMLING;35.63;34.64;23.05;11.34;0.25;0.99
20;25 84;KIRUNA;VITTANGI FÖRSAMLING;35.63;34.64;23.05;11.34;0.25;0.99
20;25 84; Välj kommun;